Using pre-set license
Built from '6000.0/staging' branch; Version is '6000.0.40f1 (157d81624ddf) revision 1408385'; Using compiler version '193933523'; Build Type 'Release'
OS: 'Windows 11  (10.0.26100) 64bit Professional' Language: 'ko' Physical Memory: 32397 MB
BatchMode: 1, IsHumanControllingUs: 0, StartBugReporterOnCrash: 0, Is64bit: 1, IsPro: 1

COMMAND LINE ARGUMENTS:
C:\Program Files\Unity\Hub\Editor\6000.0.40f1\Editor\Unity.exe
-adb2
-batchMode
-noUpm
-name
AssetImportWorker1
-projectPath
C:/Users/asdgh/OneDrive/바탕 화면/Study/UnityStudy/CombatSystemGame
-logFile
Logs/AssetImportWorker1.log
-srvPort
50423
-job-worker-count
5
-background-job-worker-count
8
-gc-helper-count
1
Successfully changed project path to: C:/Users/asdgh/OneDrive/바탕 화면/Study/UnityStudy/CombatSystemGame
C:/Users/asdgh/OneDrive/바탕 화면/Study/UnityStudy/CombatSystemGame
[UnityMemory] Configuration Parameters - Can be set up in boot.config
    "memorysetup-bucket-allocator-granularity=16"
    "memorysetup-bucket-allocator-bucket-count=8"
    "memorysetup-bucket-allocator-block-size=33554432"
    "memorysetup-bucket-allocator-block-count=8"
    "memorysetup-main-allocator-block-size=16777216"
    "memorysetup-thread-allocator-block-size=16777216"
    "memorysetup-gfx-main-allocator-block-size=16777216"
    "memorysetup-gfx-thread-allocator-block-size=16777216"
    "memorysetup-cache-allocator-block-size=4194304"
    "memorysetup-typetree-allocator-block-size=2097152"
    "memorysetup-profiler-bucket-allocator-granularity=16"
    "memorysetup-profiler-bucket-allocator-bucket-count=8"
    "memorysetup-profiler-bucket-allocator-block-size=33554432"
    "memorysetup-profiler-bucket-allocator-block-count=8"
    "memorysetup-profiler-allocator-block-size=16777216"
    "memorysetup-profiler-editor-allocator-block-size=1048576"
    "memorysetup-temp-allocator-size-main=16777216"
    "memorysetup-job-temp-allocator-block-size=2097152"
    "memorysetup-job-temp-allocator-block-size-background=1048576"
    "memorysetup-job-temp-allocator-reduction-small-platforms=262144"
    "memorysetup-allocator-temp-initial-block-size-main=262144"
    "memorysetup-allocator-temp-initial-block-size-worker=262144"
    "memorysetup-temp-allocator-size-background-worker=32768"
    "memorysetup-temp-allocator-size-job-worker=262144"
    "memorysetup-temp-allocator-size-preload-manager=33554432"
    "memorysetup-temp-allocator-size-nav-mesh-worker=65536"
    "memorysetup-temp-allocator-size-audio-worker=65536"
    "memorysetup-temp-allocator-size-cloud-worker=32768"
    "memorysetup-temp-allocator-size-gi-baking-worker=262144"
    "memorysetup-temp-allocator-size-gi-baking-worker=262144"
    "memorysetup-temp-allocator-size-gi-baking-worker=262144"
    "memorysetup-temp-allocator-size-gi-baking-worker=262144"
    "memorysetup-temp-allocator-size-gi-baking-worker=262144"
    "memorysetup-temp-allocator-size-gfx=262144"
Player connection [9076]  Target information:

Player connection [9076]  * "[IP] 211.194.32.171 [Port] 0 [Flags] 2 [Guid] 2407487796 [EditorId] 2407487796 [Version] 1048832 [Id] WindowsEditor(7,SangWon) [Debug] 1 [PackageName] WindowsEditor [ProjectName] Editor" 

Player connection [9076] Host joined multi-casting on [225.0.0.222:54997]...
Player connection [9076] Host joined alternative multi-casting on [225.0.0.222:34997]...
JobSystem: Creating JobQueue using job-worker-count value 5
Input System module state changed to: Initialized.
[Physics::Module] Initialized fallback backend.
[Physics::Module] Id: 0xdecafbad
Library Redirect Path: Library/
[Physics::Module] Selected backend.
[Physics::Module] Name: PhysX
[Physics::Module] Id: 0xf2b8ea05
[Physics::Module] SDK Version: 4.1.2
[Physics::Module] Integration Version: 1.0.0
[Physics::Module] Threading Mode: Multi-Threaded
Refreshing native plugins compatible for Editor in 97.11 ms, found 3 plugins.
Preloading 0 native plugins for Editor in 0.00 ms.
Initialize engine version: 6000.0.40f1 (157d81624ddf)
[Subsystems] Discovering subsystems at path C:/Program Files/Unity/Hub/Editor/6000.0.40f1/Editor/Data/Resources/UnitySubsystems
[Subsystems] Discovering subsystems at path C:/Users/asdgh/OneDrive/바탕 화면/Study/UnityStudy/CombatSystemGame/Assets
GfxDevice: creating device client; kGfxThreadingModeNonThreaded
Direct3D:
    Version:  Direct3D 11.0 [level 11.1]
    Renderer: NVIDIA GeForce RTX 4060 Ti (ID=0x2803)
    Vendor:   NVIDIA
    VRAM:     7949 MB
    Driver:   32.0.15.6636
Initialize mono
Mono path[0] = 'C:/Program Files/Unity/Hub/Editor/6000.0.40f1/Editor/Data/Managed'
Mono path[1] = 'C:/Program Files/Unity/Hub/Editor/6000.0.40f1/Editor/Data/MonoBleedingEdge/lib/mono/unityjit-win32'
Mono config path = 'C:/Program Files/Unity/Hub/Editor/6000.0.40f1/Editor/Data/MonoBleedingEdge/etc'
Using monoOptions --debugger-agent=transport=dt_socket,embedding=1,server=y,suspend=n,address=127.0.0.1:56436
Begin MonoManager ReloadAssembly
Registering precompiled unity dll's ...
Register platform support module: C:/Program Files/Unity/Hub/Editor/6000.0.40f1/Editor/Data/PlaybackEngines/WebGLSupport/UnityEditor.WebGL.Extensions.dll
Register platform support module: C:/Program Files/Unity/Hub/Editor/6000.0.40f1/Editor/Data/PlaybackEngines/WindowsStandaloneSupport/UnityEditor.WindowsStandalone.Extensions.dll
Register platform support module: C:/Program Files/Unity/Hub/Editor/6000.0.40f1/Editor/Data/PlaybackEngines/MetroSupport/UnityEditor.UWP.Extensions.dll
Register platform support module: C:/Program Files/Unity/Hub/Editor/6000.0.40f1/Editor/Data/PlaybackEngines/AndroidPlayer/UnityEditor.Android.Extensions.dll
Registered in 0.865305 seconds.
- Loaded All Assemblies, in 10.579 seconds
Native extension for Android target not found
Android Extension - Scanning For ADB Devices 274 ms
Native extension for UWP target not found
Native extension for WindowsStandalone target not found
Native extension for WebGL target not found
Mono: successfully reloaded assembly
- Finished resetting the current domain, in  0.607 seconds
Domain Reload Profiling: 11184ms
	BeginReloadAssembly (7509ms)
		ExecutionOrderSort (0ms)
		DisableScriptedObjects (0ms)
		BackupInstance (0ms)
		ReleaseScriptingObjects (0ms)
		CreateAndSetChildDomain (1ms)
	RebuildCommonClasses (486ms)
	RebuildNativeTypeToScriptingClass (11ms)
	initialDomainReloadingComplete (903ms)
	LoadAllAssembliesAndSetupDomain (1667ms)
		LoadAssemblies (7532ms)
		RebuildTransferFunctionScriptingTraits (0ms)
		AnalyzeDomain (1638ms)
			TypeCache.Refresh (1637ms)
				TypeCache.ScanAssembly (1387ms)
			BuildScriptInfoCaches (0ms)
			ResolveRequiredComponents (0ms)
	FinalizeReload (608ms)
		ReleaseScriptCaches (0ms)
		RebuildScriptCaches (0ms)
		SetupLoadedEditorAssemblies (570ms)
			LogAssemblyErrors (0ms)
			InitializePlatformSupportModulesInManaged (352ms)
			SetLoadedEditorAssemblies (3ms)
			BeforeProcessingInitializeOnLoad (40ms)
			ProcessInitializeOnLoadAttributes (113ms)
			ProcessInitializeOnLoadMethodAttributes (61ms)
			AfterProcessingInitializeOnLoad (0ms)
			EditorAssembliesLoaded (0ms)
		ExecutionOrderSort2 (0ms)
		AwakeInstancesAfterBackupRestoration (0ms)
========================================================================
Worker process is ready to serve import requests
Import Worker Mode flag is 0x00
Begin MonoManager ReloadAssembly
- Loaded All Assemblies, in  7.544 seconds
Refreshing native plugins compatible for Editor in 1.22 ms, found 3 plugins.
Native extension for Android target not found
Native extension for UWP target not found
Native extension for WindowsStandalone target not found
Native extension for WebGL target not found
Mono: successfully reloaded assembly
- Finished resetting the current domain, in  1.629 seconds
Domain Reload Profiling: 9167ms
	BeginReloadAssembly (162ms)
		ExecutionOrderSort (0ms)
		DisableScriptedObjects (6ms)
		BackupInstance (0ms)
		ReleaseScriptingObjects (0ms)
		CreateAndSetChildDomain (35ms)
	RebuildCommonClasses (34ms)
	RebuildNativeTypeToScriptingClass (10ms)
	initialDomainReloadingComplete (38ms)
	LoadAllAssembliesAndSetupDomain (7294ms)
		LoadAssemblies (6620ms)
		RebuildTransferFunctionScriptingTraits (0ms)
		AnalyzeDomain (766ms)
			TypeCache.Refresh (715ms)
				TypeCache.ScanAssembly (653ms)
			BuildScriptInfoCaches (41ms)
			ResolveRequiredComponents (7ms)
	FinalizeReload (1629ms)
		ReleaseScriptCaches (0ms)
		RebuildScriptCaches (0ms)
		SetupLoadedEditorAssemblies (1042ms)
			LogAssemblyErrors (0ms)
			InitializePlatformSupportModulesInManaged (14ms)
			SetLoadedEditorAssemblies (5ms)
			BeforeProcessingInitializeOnLoad (107ms)
			ProcessInitializeOnLoadAttributes (492ms)
			ProcessInitializeOnLoadMethodAttributes (417ms)
			AfterProcessingInitializeOnLoad (7ms)
			EditorAssembliesLoaded (0ms)
		ExecutionOrderSort2 (0ms)
		AwakeInstancesAfterBackupRestoration (5ms)
Launched and connected shader compiler UnityShaderCompiler.exe after 0.04 seconds
Refreshing native plugins compatible for Editor in 1.22 ms, found 3 plugins.
Preloading 0 native plugins for Editor in 0.00 ms.
Unloading 198 Unused Serialized files (Serialized files now loaded: 0)
Unloading 5972 unused Assets / (6.4 MB). Loaded Objects now: 6620.
Memory consumption went from 161.3 MB to 154.9 MB.
Total: 10.245900 ms (FindLiveObjects: 0.729900 ms CreateObjectMapping: 0.796500 ms MarkObjects: 5.286800 ms  DeleteObjects: 3.432100 ms)

========================================================================
Received Import Request.
  Time since last request: 1497.074693 seconds.
  path: Assets/Graphics/Nightshade J Friedrich@Sword And Shield Slash (1).fbx
  artifactKey: Guid(39ddcca113b63b24b94aa3c014bd84ea) Importer(815301076,1909f56bfc062723c751e8b465ee728b)
Start importing Assets/Graphics/Nightshade J Friedrich@Sword And Shield Slash (1).fbx using Guid(39ddcca113b63b24b94aa3c014bd84ea) Importer(815301076,1909f56bfc062723c751e8b465ee728b) (PreviewImporter) -> (artifact id: 'bd078ccdc8f265beafd710cc03c753ba') in 0.0351905 seconds
Number of updated asset objects reloaded before import = 0Number of asset objects unloaded after import = 141

========================================================================
Received Import Request.
  Time since last request: 0.000022 seconds.
  path: Assets/Graphics/Nightshade J Friedrich@Sword And Shield Slash (2).fbx
  artifactKey: Guid(7868fe196ac8926438fe97ef4814d491) Importer(815301076,1909f56bfc062723c751e8b465ee728b)
Start importing Assets/Graphics/Nightshade J Friedrich@Sword And Shield Slash (2).fbx using Guid(7868fe196ac8926438fe97ef4814d491) Importer(815301076,1909f56bfc062723c751e8b465ee728b) (PreviewImporter) -> (artifact id: '16e8712e7207ce9d07ae14fd5f6edcdc') in 0.0031319 seconds
Number of updated asset objects reloaded before import = 0Number of asset objects unloaded after import = 141

========================================================================
Received Prepare
Refreshing native plugins compatible for Editor in 1.09 ms, found 3 plugins.
Preloading 0 native plugins for Editor in 0.00 ms.
Unloading 35 Unused Serialized files (Serialized files now loaded: 0)
Unloading 5963 unused Assets / (6.6 MB). Loaded Objects now: 6623.
Memory consumption went from 136.5 MB to 129.9 MB.
Total: 11.570900 ms (FindLiveObjects: 0.766600 ms CreateObjectMapping: 0.575700 ms MarkObjects: 6.593700 ms  DeleteObjects: 3.633600 ms)

Prepare: number of updated asset objects reloaded= 0
========================================================================
Received Prepare
Begin MonoManager ReloadAssembly
- Loaded All Assemblies, in  0.617 seconds
Refreshing native plugins compatible for Editor in 0.85 ms, found 3 plugins.
Native extension for Android target not found
Native extension for UWP target not found
Native extension for WindowsStandalone target not found
Native extension for WebGL target not found
Mono: successfully reloaded assembly
- Finished resetting the current domain, in  0.721 seconds
Domain Reload Profiling: 1336ms
	BeginReloadAssembly (186ms)
		ExecutionOrderSort (0ms)
		DisableScriptedObjects (6ms)
		BackupInstance (0ms)
		ReleaseScriptingObjects (0ms)
		CreateAndSetChildDomain (58ms)
	RebuildCommonClasses (31ms)
	RebuildNativeTypeToScriptingClass (11ms)
	initialDomainReloadingComplete (31ms)
	LoadAllAssembliesAndSetupDomain (356ms)
		LoadAssemblies (299ms)
		RebuildTransferFunctionScriptingTraits (0ms)
		AnalyzeDomain (139ms)
			TypeCache.Refresh (6ms)
				TypeCache.ScanAssembly (0ms)
			BuildScriptInfoCaches (123ms)
			ResolveRequiredComponents (7ms)
	FinalizeReload (721ms)
		ReleaseScriptCaches (0ms)
		RebuildScriptCaches (0ms)
		SetupLoadedEditorAssemblies (551ms)
			LogAssemblyErrors (0ms)
			InitializePlatformSupportModulesInManaged (13ms)
			SetLoadedEditorAssemblies (4ms)
			BeforeProcessingInitializeOnLoad (86ms)
			ProcessInitializeOnLoadAttributes (397ms)
			ProcessInitializeOnLoadMethodAttributes (44ms)
			AfterProcessingInitializeOnLoad (6ms)
			EditorAssembliesLoaded (0ms)
		ExecutionOrderSort2 (0ms)
		AwakeInstancesAfterBackupRestoration (10ms)
Refreshing native plugins compatible for Editor in 1.26 ms, found 3 plugins.
Preloading 0 native plugins for Editor in 0.00 ms.
Unloading 45 Unused Serialized files (Serialized files now loaded: 0)
Unloading 5969 unused Assets / (7.1 MB). Loaded Objects now: 6639.
Memory consumption went from 150.6 MB to 143.5 MB.
Total: 11.702900 ms (FindLiveObjects: 0.716900 ms CreateObjectMapping: 0.638300 ms MarkObjects: 6.067700 ms  DeleteObjects: 4.278600 ms)

Prepare: number of updated asset objects reloaded= 0
========================================================================
Received Prepare
Refreshing native plugins compatible for Editor in 1.43 ms, found 3 plugins.
Preloading 0 native plugins for Editor in 0.00 ms.
Unloading 34 Unused Serialized files (Serialized files now loaded: 0)
Unloading 5963 unused Assets / (6.8 MB). Loaded Objects now: 6640.
Memory consumption went from 148.9 MB to 142.1 MB.
Total: 10.165800 ms (FindLiveObjects: 0.823100 ms CreateObjectMapping: 0.493300 ms MarkObjects: 5.335100 ms  DeleteObjects: 3.513500 ms)

Prepare: number of updated asset objects reloaded= 0
========================================================================
Received Prepare
Begin MonoManager ReloadAssembly
- Loaded All Assemblies, in  0.686 seconds
Refreshing native plugins compatible for Editor in 0.88 ms, found 3 plugins.
Native extension for Android target not found
Native extension for UWP target not found
Native extension for WindowsStandalone target not found
Native extension for WebGL target not found
Mono: successfully reloaded assembly
- Finished resetting the current domain, in  0.806 seconds
Domain Reload Profiling: 1489ms
	BeginReloadAssembly (183ms)
		ExecutionOrderSort (0ms)
		DisableScriptedObjects (7ms)
		BackupInstance (0ms)
		ReleaseScriptingObjects (0ms)
		CreateAndSetChildDomain (52ms)
	RebuildCommonClasses (29ms)
	RebuildNativeTypeToScriptingClass (11ms)
	initialDomainReloadingComplete (25ms)
	LoadAllAssembliesAndSetupDomain (435ms)
		LoadAssemblies (301ms)
		RebuildTransferFunctionScriptingTraits (0ms)
		AnalyzeDomain (220ms)
			TypeCache.Refresh (9ms)
				TypeCache.ScanAssembly (0ms)
			BuildScriptInfoCaches (201ms)
			ResolveRequiredComponents (7ms)
	FinalizeReload (806ms)
		ReleaseScriptCaches (0ms)
		RebuildScriptCaches (0ms)
		SetupLoadedEditorAssemblies (630ms)
			LogAssemblyErrors (0ms)
			InitializePlatformSupportModulesInManaged (10ms)
			SetLoadedEditorAssemblies (7ms)
			BeforeProcessingInitializeOnLoad (92ms)
			ProcessInitializeOnLoadAttributes (436ms)
			ProcessInitializeOnLoadMethodAttributes (78ms)
			AfterProcessingInitializeOnLoad (7ms)
			EditorAssembliesLoaded (0ms)
		ExecutionOrderSort2 (0ms)
		AwakeInstancesAfterBackupRestoration (13ms)
Refreshing native plugins compatible for Editor in 1.14 ms, found 3 plugins.
Preloading 0 native plugins for Editor in 0.00 ms.
Unloading 34 Unused Serialized files (Serialized files now loaded: 0)
Unloading 5970 unused Assets / (6.3 MB). Loaded Objects now: 6642.
Memory consumption went from 148.7 MB to 142.4 MB.
Total: 11.313600 ms (FindLiveObjects: 1.046400 ms CreateObjectMapping: 1.038700 ms MarkObjects: 5.312600 ms  DeleteObjects: 3.914800 ms)

Prepare: number of updated asset objects reloaded= 0
========================================================================
Received Import Request.
  Time since last request: 829.565153 seconds.
  path: Assets/Scripts/CombatSystem/CombatController.cs
  artifactKey: Guid(31e58eb23b9548440bc8bfc6fd97a5ca) Importer(815301076,1909f56bfc062723c751e8b465ee728b)
Start importing Assets/Scripts/CombatSystem/CombatController.cs using Guid(31e58eb23b9548440bc8bfc6fd97a5ca) Importer(815301076,1909f56bfc062723c751e8b465ee728b) (PreviewImporter) -> (artifact id: '4e79fd7e0381bef28ebd3bc7857f8f51') in 0.0135374 seconds
Number of updated asset objects reloaded before import = 0Number of asset objects unloaded after import = 0

========================================================================
Received Prepare
Refreshing native plugins compatible for Editor in 0.92 ms, found 3 plugins.
Preloading 0 native plugins for Editor in 0.00 ms.
Unloading 34 Unused Serialized files (Serialized files now loaded: 0)
Unloading 5964 unused Assets / (6.8 MB). Loaded Objects now: 6643.
Memory consumption went from 148.9 MB to 142.1 MB.
Total: 11.610300 ms (FindLiveObjects: 0.599800 ms CreateObjectMapping: 0.533600 ms MarkObjects: 5.891000 ms  DeleteObjects: 4.584700 ms)

Prepare: number of updated asset objects reloaded= 0
========================================================================
Received Prepare
Begin MonoManager ReloadAssembly
- Loaded All Assemblies, in  0.742 seconds
Refreshing native plugins compatible for Editor in 1.19 ms, found 3 plugins.
Native extension for Android target not found
Native extension for UWP target not found
Native extension for WindowsStandalone target not found
Native extension for WebGL target not found
Mono: successfully reloaded assembly
- Finished resetting the current domain, in  0.873 seconds
Domain Reload Profiling: 1613ms
	BeginReloadAssembly (195ms)
		ExecutionOrderSort (0ms)
		DisableScriptedObjects (6ms)
		BackupInstance (0ms)
		ReleaseScriptingObjects (0ms)
		CreateAndSetChildDomain (59ms)
	RebuildCommonClasses (34ms)
	RebuildNativeTypeToScriptingClass (12ms)
	initialDomainReloadingComplete (35ms)
	LoadAllAssembliesAndSetupDomain (464ms)
		LoadAssemblies (343ms)
		RebuildTransferFunctionScriptingTraits (0ms)
		AnalyzeDomain (209ms)
			TypeCache.Refresh (10ms)
				TypeCache.ScanAssembly (0ms)
			BuildScriptInfoCaches (182ms)
			ResolveRequiredComponents (13ms)
	FinalizeReload (873ms)
		ReleaseScriptCaches (0ms)
		RebuildScriptCaches (0ms)
		SetupLoadedEditorAssemblies (671ms)
			LogAssemblyErrors (0ms)
			InitializePlatformSupportModulesInManaged (13ms)
			SetLoadedEditorAssemblies (7ms)
			BeforeProcessingInitializeOnLoad (115ms)
			ProcessInitializeOnLoadAttributes (474ms)
			ProcessInitializeOnLoadMethodAttributes (56ms)
			AfterProcessingInitializeOnLoad (6ms)
			EditorAssembliesLoaded (0ms)
		ExecutionOrderSort2 (0ms)
		AwakeInstancesAfterBackupRestoration (13ms)
Refreshing native plugins compatible for Editor in 1.40 ms, found 3 plugins.
Preloading 0 native plugins for Editor in 0.00 ms.
Unloading 34 Unused Serialized files (Serialized files now loaded: 0)
Unloading 5971 unused Assets / (7.3 MB). Loaded Objects now: 6645.
Memory consumption went from 148.7 MB to 141.4 MB.
Total: 11.850700 ms (FindLiveObjects: 0.831500 ms CreateObjectMapping: 0.858900 ms MarkObjects: 5.383100 ms  DeleteObjects: 4.776000 ms)

Prepare: number of updated asset objects reloaded= 0
========================================================================
Received Prepare
Refreshing native plugins compatible for Editor in 1.18 ms, found 3 plugins.
Preloading 0 native plugins for Editor in 0.00 ms.
Unloading 34 Unused Serialized files (Serialized files now loaded: 0)
Unloading 5964 unused Assets / (7.0 MB). Loaded Objects now: 6645.
Memory consumption went from 148.9 MB to 141.9 MB.
Total: 12.031400 ms (FindLiveObjects: 0.674900 ms CreateObjectMapping: 0.281700 ms MarkObjects: 7.583600 ms  DeleteObjects: 3.489600 ms)

Prepare: number of updated asset objects reloaded= 0
========================================================================
Received Prepare
Begin MonoManager ReloadAssembly
- Loaded All Assemblies, in  0.581 seconds
Refreshing native plugins compatible for Editor in 0.89 ms, found 3 plugins.
Native extension for Android target not found
Native extension for UWP target not found
Native extension for WindowsStandalone target not found
Native extension for WebGL target not found
Mono: successfully reloaded assembly
- Finished resetting the current domain, in  0.647 seconds
Domain Reload Profiling: 1228ms
	BeginReloadAssembly (170ms)
		ExecutionOrderSort (0ms)
		DisableScriptedObjects (5ms)
		BackupInstance (0ms)
		ReleaseScriptingObjects (0ms)
		CreateAndSetChildDomain (50ms)
	RebuildCommonClasses (30ms)
	RebuildNativeTypeToScriptingClass (11ms)
	initialDomainReloadingComplete (23ms)
	LoadAllAssembliesAndSetupDomain (347ms)
		LoadAssemblies (277ms)
		RebuildTransferFunctionScriptingTraits (0ms)
		AnalyzeDomain (145ms)
			TypeCache.Refresh (7ms)
				TypeCache.ScanAssembly (0ms)
			BuildScriptInfoCaches (128ms)
			ResolveRequiredComponents (7ms)
	FinalizeReload (648ms)
		ReleaseScriptCaches (0ms)
		RebuildScriptCaches (0ms)
		SetupLoadedEditorAssemblies (498ms)
			LogAssemblyErrors (0ms)
			InitializePlatformSupportModulesInManaged (11ms)
			SetLoadedEditorAssemblies (4ms)
			BeforeProcessingInitializeOnLoad (82ms)
			ProcessInitializeOnLoadAttributes (356ms)
			ProcessInitializeOnLoadMethodAttributes (40ms)
			AfterProcessingInitializeOnLoad (5ms)
			EditorAssembliesLoaded (0ms)
		ExecutionOrderSort2 (0ms)
		AwakeInstancesAfterBackupRestoration (9ms)
Refreshing native plugins compatible for Editor in 1.16 ms, found 3 plugins.
Preloading 0 native plugins for Editor in 0.00 ms.
Unloading 34 Unused Serialized files (Serialized files now loaded: 0)
Unloading 5971 unused Assets / (6.1 MB). Loaded Objects now: 6647.
Memory consumption went from 148.7 MB to 142.6 MB.
Total: 7.631200 ms (FindLiveObjects: 0.708500 ms CreateObjectMapping: 0.278700 ms MarkObjects: 4.091700 ms  DeleteObjects: 2.551100 ms)

Prepare: number of updated asset objects reloaded= 0
========================================================================
Received Prepare
Refreshing native plugins compatible for Editor in 0.97 ms, found 3 plugins.
Preloading 0 native plugins for Editor in 0.00 ms.
Unloading 34 Unused Serialized files (Serialized files now loaded: 0)
Unloading 5964 unused Assets / (6.1 MB). Loaded Objects now: 6647.
Memory consumption went from 148.9 MB to 142.8 MB.
Total: 8.094500 ms (FindLiveObjects: 0.929800 ms CreateObjectMapping: 0.301800 ms MarkObjects: 3.955600 ms  DeleteObjects: 2.906500 ms)

Prepare: number of updated asset objects reloaded= 0
========================================================================
Received Prepare
Begin MonoManager ReloadAssembly
- Loaded All Assemblies, in  0.634 seconds
Refreshing native plugins compatible for Editor in 1.13 ms, found 3 plugins.
Native extension for Android target not found
Native extension for UWP target not found
Native extension for WindowsStandalone target not found
Native extension for WebGL target not found
Mono: successfully reloaded assembly
- Finished resetting the current domain, in  0.719 seconds
Domain Reload Profiling: 1351ms
	BeginReloadAssembly (179ms)
		ExecutionOrderSort (0ms)
		DisableScriptedObjects (5ms)
		BackupInstance (0ms)
		ReleaseScriptingObjects (0ms)
		CreateAndSetChildDomain (52ms)
	RebuildCommonClasses (31ms)
	RebuildNativeTypeToScriptingClass (11ms)
	initialDomainReloadingComplete (27ms)
	LoadAllAssembliesAndSetupDomain (383ms)
		LoadAssemblies (296ms)
		RebuildTransferFunctionScriptingTraits (0ms)
		AnalyzeDomain (168ms)
			TypeCache.Refresh (8ms)
				TypeCache.ScanAssembly (0ms)
			BuildScriptInfoCaches (146ms)
			ResolveRequiredComponents (10ms)
	FinalizeReload (719ms)
		ReleaseScriptCaches (0ms)
		RebuildScriptCaches (0ms)
		SetupLoadedEditorAssemblies (559ms)
			LogAssemblyErrors (0ms)
			InitializePlatformSupportModulesInManaged (24ms)
			SetLoadedEditorAssemblies (5ms)
			BeforeProcessingInitializeOnLoad (97ms)
			ProcessInitializeOnLoadAttributes (385ms)
			ProcessInitializeOnLoadMethodAttributes (43ms)
			AfterProcessingInitializeOnLoad (5ms)
			EditorAssembliesLoaded (0ms)
		ExecutionOrderSort2 (0ms)
		AwakeInstancesAfterBackupRestoration (13ms)
Refreshing native plugins compatible for Editor in 1.07 ms, found 3 plugins.
Preloading 0 native plugins for Editor in 0.00 ms.
Unloading 34 Unused Serialized files (Serialized files now loaded: 0)
Unloading 5971 unused Assets / (6.6 MB). Loaded Objects now: 6649.
Memory consumption went from 148.7 MB to 142.1 MB.
Total: 8.739100 ms (FindLiveObjects: 0.592500 ms CreateObjectMapping: 0.194800 ms MarkObjects: 4.583200 ms  DeleteObjects: 3.367600 ms)

Prepare: number of updated asset objects reloaded= 0
========================================================================
Received Prepare
Refreshing native plugins compatible for Editor in 1.43 ms, found 3 plugins.
Preloading 0 native plugins for Editor in 0.00 ms.
Unloading 34 Unused Serialized files (Serialized files now loaded: 0)
Unloading 5964 unused Assets / (6.4 MB). Loaded Objects now: 6649.
Memory consumption went from 148.9 MB to 142.4 MB.
Total: 11.145300 ms (FindLiveObjects: 0.950800 ms CreateObjectMapping: 0.923600 ms MarkObjects: 5.649200 ms  DeleteObjects: 3.620500 ms)

Prepare: number of updated asset objects reloaded= 0
========================================================================
Received Prepare
Begin MonoManager ReloadAssembly
- Loaded All Assemblies, in  0.623 seconds
Refreshing native plugins compatible for Editor in 1.15 ms, found 3 plugins.
Native extension for Android target not found
Native extension for UWP target not found
Native extension for WindowsStandalone target not found
Native extension for WebGL target not found
Mono: successfully reloaded assembly
- Finished resetting the current domain, in  0.676 seconds
Domain Reload Profiling: 1297ms
	BeginReloadAssembly (175ms)
		ExecutionOrderSort (0ms)
		DisableScriptedObjects (5ms)
		BackupInstance (0ms)
		ReleaseScriptingObjects (0ms)
		CreateAndSetChildDomain (49ms)
	RebuildCommonClasses (34ms)
	RebuildNativeTypeToScriptingClass (12ms)
	initialDomainReloadingComplete (25ms)
	LoadAllAssembliesAndSetupDomain (374ms)
		LoadAssemblies (301ms)
		RebuildTransferFunctionScriptingTraits (0ms)
		AnalyzeDomain (156ms)
			TypeCache.Refresh (6ms)
				TypeCache.ScanAssembly (0ms)
			BuildScriptInfoCaches (139ms)
			ResolveRequiredComponents (7ms)
	FinalizeReload (676ms)
		ReleaseScriptCaches (0ms)
		RebuildScriptCaches (0ms)
		SetupLoadedEditorAssemblies (532ms)
			LogAssemblyErrors (0ms)
			InitializePlatformSupportModulesInManaged (9ms)
			SetLoadedEditorAssemblies (5ms)
			BeforeProcessingInitializeOnLoad (95ms)
			ProcessInitializeOnLoadAttributes (376ms)
			ProcessInitializeOnLoadMethodAttributes (42ms)
			AfterProcessingInitializeOnLoad (4ms)
			EditorAssembliesLoaded (0ms)
		ExecutionOrderSort2 (0ms)
		AwakeInstancesAfterBackupRestoration (8ms)
Refreshing native plugins compatible for Editor in 1.16 ms, found 3 plugins.
Preloading 0 native plugins for Editor in 0.00 ms.
Unloading 34 Unused Serialized files (Serialized files now loaded: 0)
Unloading 5971 unused Assets / (6.5 MB). Loaded Objects now: 6651.
Memory consumption went from 148.7 MB to 142.2 MB.
Total: 11.326000 ms (FindLiveObjects: 0.925500 ms CreateObjectMapping: 0.894800 ms MarkObjects: 6.131000 ms  DeleteObjects: 3.373800 ms)

Prepare: number of updated asset objects reloaded= 0
========================================================================
Received Prepare
Refreshing native plugins compatible for Editor in 1.31 ms, found 3 plugins.
Preloading 0 native plugins for Editor in 0.00 ms.
Unloading 34 Unused Serialized files (Serialized files now loaded: 0)
Unloading 5964 unused Assets / (6.1 MB). Loaded Objects now: 6651.
Memory consumption went from 148.9 MB to 142.8 MB.
Total: 8.592200 ms (FindLiveObjects: 0.831300 ms CreateObjectMapping: 0.280500 ms MarkObjects: 4.686600 ms  DeleteObjects: 2.793100 ms)

Prepare: number of updated asset objects reloaded= 0
========================================================================
Received Prepare
Begin MonoManager ReloadAssembly
- Loaded All Assemblies, in  0.611 seconds
Refreshing native plugins compatible for Editor in 1.08 ms, found 3 plugins.
Native extension for Android target not found
Native extension for UWP target not found
Native extension for WindowsStandalone target not found
Native extension for WebGL target not found
Mono: successfully reloaded assembly
- Finished resetting the current domain, in  0.718 seconds
Domain Reload Profiling: 1327ms
	BeginReloadAssembly (192ms)
		ExecutionOrderSort (0ms)
		DisableScriptedObjects (5ms)
		BackupInstance (0ms)
		ReleaseScriptingObjects (0ms)
		CreateAndSetChildDomain (66ms)
	RebuildCommonClasses (26ms)
	RebuildNativeTypeToScriptingClass (9ms)
	initialDomainReloadingComplete (26ms)
	LoadAllAssembliesAndSetupDomain (355ms)
		LoadAssemblies (284ms)
		RebuildTransferFunctionScriptingTraits (0ms)
		AnalyzeDomain (151ms)
			TypeCache.Refresh (7ms)
				TypeCache.ScanAssembly (0ms)
			BuildScriptInfoCaches (134ms)
			ResolveRequiredComponents (7ms)
	FinalizeReload (719ms)
		ReleaseScriptCaches (0ms)
		RebuildScriptCaches (0ms)
		SetupLoadedEditorAssemblies (560ms)
			LogAssemblyErrors (0ms)
			InitializePlatformSupportModulesInManaged (8ms)
			SetLoadedEditorAssemblies (4ms)
			BeforeProcessingInitializeOnLoad (99ms)
			ProcessInitializeOnLoadAttributes (402ms)
			ProcessInitializeOnLoadMethodAttributes (40ms)
			AfterProcessingInitializeOnLoad (6ms)
			EditorAssembliesLoaded (0ms)
		ExecutionOrderSort2 (0ms)
		AwakeInstancesAfterBackupRestoration (10ms)
Refreshing native plugins compatible for Editor in 0.84 ms, found 3 plugins.
Preloading 0 native plugins for Editor in 0.00 ms.
Unloading 34 Unused Serialized files (Serialized files now loaded: 0)
Unloading 5971 unused Assets / (6.2 MB). Loaded Objects now: 6653.
Memory consumption went from 148.7 MB to 142.5 MB.
Total: 8.381200 ms (FindLiveObjects: 0.580800 ms CreateObjectMapping: 0.471400 ms MarkObjects: 4.284200 ms  DeleteObjects: 3.044100 ms)

Prepare: number of updated asset objects reloaded= 0
========================================================================
Received Prepare
Refreshing native plugins compatible for Editor in 1.16 ms, found 3 plugins.
Preloading 0 native plugins for Editor in 0.00 ms.
Unloading 34 Unused Serialized files (Serialized files now loaded: 0)
Unloading 5964 unused Assets / (6.4 MB). Loaded Objects now: 6653.
Memory consumption went from 148.9 MB to 142.5 MB.
Total: 10.219700 ms (FindLiveObjects: 0.918000 ms CreateObjectMapping: 0.482300 ms MarkObjects: 5.289200 ms  DeleteObjects: 3.529000 ms)

Prepare: number of updated asset objects reloaded= 0
========================================================================
Received Prepare
Begin MonoManager ReloadAssembly
- Loaded All Assemblies, in  0.667 seconds
Refreshing native plugins compatible for Editor in 1.05 ms, found 3 plugins.
Native extension for Android target not found
Native extension for UWP target not found
Native extension for WindowsStandalone target not found
Native extension for WebGL target not found
Mono: successfully reloaded assembly
- Finished resetting the current domain, in  0.735 seconds
Domain Reload Profiling: 1401ms
	BeginReloadAssembly (193ms)
		ExecutionOrderSort (0ms)
		DisableScriptedObjects (6ms)
		BackupInstance (0ms)
		ReleaseScriptingObjects (0ms)
		CreateAndSetChildDomain (54ms)
	RebuildCommonClasses (35ms)
	RebuildNativeTypeToScriptingClass (14ms)
	initialDomainReloadingComplete (31ms)
	LoadAllAssembliesAndSetupDomain (392ms)
		LoadAssemblies (316ms)
		RebuildTransferFunctionScriptingTraits (0ms)
		AnalyzeDomain (167ms)
			TypeCache.Refresh (8ms)
				TypeCache.ScanAssembly (0ms)
			BuildScriptInfoCaches (148ms)
			ResolveRequiredComponents (7ms)
	FinalizeReload (736ms)
		ReleaseScriptCaches (0ms)
		RebuildScriptCaches (0ms)
		SetupLoadedEditorAssemblies (565ms)
			LogAssemblyErrors (0ms)
			InitializePlatformSupportModulesInManaged (11ms)
			SetLoadedEditorAssemblies (6ms)
			BeforeProcessingInitializeOnLoad (101ms)
			ProcessInitializeOnLoadAttributes (394ms)
			ProcessInitializeOnLoadMethodAttributes (45ms)
			AfterProcessingInitializeOnLoad (7ms)
			EditorAssembliesLoaded (0ms)
		ExecutionOrderSort2 (0ms)
		AwakeInstancesAfterBackupRestoration (10ms)
Refreshing native plugins compatible for Editor in 1.34 ms, found 3 plugins.
Preloading 0 native plugins for Editor in 0.00 ms.
Unloading 34 Unused Serialized files (Serialized files now loaded: 0)
Unloading 5971 unused Assets / (6.2 MB). Loaded Objects now: 6655.
Memory consumption went from 148.7 MB to 142.5 MB.
Total: 10.143500 ms (FindLiveObjects: 0.641200 ms CreateObjectMapping: 0.689900 ms MarkObjects: 5.319700 ms  DeleteObjects: 3.491900 ms)

Prepare: number of updated asset objects reloaded= 0
========================================================================
Received Prepare
Refreshing native plugins compatible for Editor in 1.17 ms, found 3 plugins.
Preloading 0 native plugins for Editor in 0.00 ms.
Unloading 34 Unused Serialized files (Serialized files now loaded: 0)
Unloading 5964 unused Assets / (5.1 MB). Loaded Objects now: 6655.
Memory consumption went from 148.9 MB to 143.8 MB.
Total: 30.751900 ms (FindLiveObjects: 0.938600 ms CreateObjectMapping: 0.896800 ms MarkObjects: 20.632500 ms  DeleteObjects: 8.281800 ms)

Prepare: number of updated asset objects reloaded= 0
========================================================================
Received Prepare
Begin MonoManager ReloadAssembly
- Loaded All Assemblies, in  0.646 seconds
Refreshing native plugins compatible for Editor in 0.93 ms, found 3 plugins.
Native extension for Android target not found
Native extension for UWP target not found
Native extension for WindowsStandalone target not found
Native extension for WebGL target not found
Mono: successfully reloaded assembly
- Finished resetting the current domain, in  0.705 seconds
Domain Reload Profiling: 1347ms
	BeginReloadAssembly (182ms)
		ExecutionOrderSort (0ms)
		DisableScriptedObjects (8ms)
		BackupInstance (0ms)
		ReleaseScriptingObjects (0ms)
		CreateAndSetChildDomain (53ms)
	RebuildCommonClasses (35ms)
	RebuildNativeTypeToScriptingClass (10ms)
	initialDomainReloadingComplete (27ms)
	LoadAllAssembliesAndSetupDomain (388ms)
		LoadAssemblies (297ms)
		RebuildTransferFunctionScriptingTraits (0ms)
		AnalyzeDomain (170ms)
			TypeCache.Refresh (7ms)
				TypeCache.ScanAssembly (0ms)
			BuildScriptInfoCaches (152ms)
			ResolveRequiredComponents (9ms)
	FinalizeReload (705ms)
		ReleaseScriptCaches (0ms)
		RebuildScriptCaches (0ms)
		SetupLoadedEditorAssemblies (541ms)
			LogAssemblyErrors (0ms)
			InitializePlatformSupportModulesInManaged (13ms)
			SetLoadedEditorAssemblies (5ms)
			BeforeProcessingInitializeOnLoad (96ms)
			ProcessInitializeOnLoadAttributes (381ms)
			ProcessInitializeOnLoadMethodAttributes (42ms)
			AfterProcessingInitializeOnLoad (5ms)
			EditorAssembliesLoaded (0ms)
		ExecutionOrderSort2 (0ms)
		AwakeInstancesAfterBackupRestoration (11ms)
Refreshing native plugins compatible for Editor in 0.91 ms, found 3 plugins.
Preloading 0 native plugins for Editor in 0.00 ms.
Unloading 34 Unused Serialized files (Serialized files now loaded: 0)
Unloading 5971 unused Assets / (6.2 MB). Loaded Objects now: 6657.
Memory consumption went from 148.7 MB to 142.5 MB.
Total: 9.273300 ms (FindLiveObjects: 0.687200 ms CreateObjectMapping: 1.018300 ms MarkObjects: 4.643800 ms  DeleteObjects: 2.923400 ms)

Prepare: number of updated asset objects reloaded= 0
========================================================================
Received Prepare
Refreshing native plugins compatible for Editor in 0.87 ms, found 3 plugins.
Preloading 0 native plugins for Editor in 0.00 ms.
Unloading 34 Unused Serialized files (Serialized files now loaded: 0)
Unloading 5964 unused Assets / (6.2 MB). Loaded Objects now: 6657.
Memory consumption went from 148.9 MB to 142.7 MB.
Total: 9.629100 ms (FindLiveObjects: 0.726200 ms CreateObjectMapping: 0.620700 ms MarkObjects: 5.204800 ms  DeleteObjects: 3.076300 ms)

Prepare: number of updated asset objects reloaded= 0
========================================================================
Received Prepare
Begin MonoManager ReloadAssembly
- Loaded All Assemblies, in  0.603 seconds
Refreshing native plugins compatible for Editor in 1.11 ms, found 3 plugins.
Native extension for Android target not found
Native extension for UWP target not found
Native extension for WindowsStandalone target not found
Native extension for WebGL target not found
Mono: successfully reloaded assembly
- Finished resetting the current domain, in  0.807 seconds
Domain Reload Profiling: 1408ms
	BeginReloadAssembly (173ms)
		ExecutionOrderSort (0ms)
		DisableScriptedObjects (5ms)
		BackupInstance (0ms)
		ReleaseScriptingObjects (0ms)
		CreateAndSetChildDomain (49ms)
	RebuildCommonClasses (31ms)
	RebuildNativeTypeToScriptingClass (10ms)
	initialDomainReloadingComplete (24ms)
	LoadAllAssembliesAndSetupDomain (361ms)
		LoadAssemblies (292ms)
		RebuildTransferFunctionScriptingTraits (0ms)
		AnalyzeDomain (149ms)
			TypeCache.Refresh (9ms)
				TypeCache.ScanAssembly (0ms)
			BuildScriptInfoCaches (129ms)
			ResolveRequiredComponents (8ms)
	FinalizeReload (808ms)
		ReleaseScriptCaches (0ms)
		RebuildScriptCaches (0ms)
		SetupLoadedEditorAssemblies (625ms)
			LogAssemblyErrors (0ms)
			InitializePlatformSupportModulesInManaged (11ms)
			SetLoadedEditorAssemblies (6ms)
			BeforeProcessingInitializeOnLoad (156ms)
			ProcessInitializeOnLoadAttributes (387ms)
			ProcessInitializeOnLoadMethodAttributes (56ms)
			AfterProcessingInitializeOnLoad (8ms)
			EditorAssembliesLoaded (0ms)
		ExecutionOrderSort2 (0ms)
		AwakeInstancesAfterBackupRestoration (13ms)
Refreshing native plugins compatible for Editor in 0.85 ms, found 3 plugins.
Preloading 0 native plugins for Editor in 0.00 ms.
Unloading 34 Unused Serialized files (Serialized files now loaded: 0)
Unloading 5971 unused Assets / (6.3 MB). Loaded Objects now: 6659.
Memory consumption went from 148.7 MB to 142.4 MB.
Total: 9.042000 ms (FindLiveObjects: 0.567800 ms CreateObjectMapping: 0.485800 ms MarkObjects: 4.802100 ms  DeleteObjects: 3.185000 ms)

Prepare: number of updated asset objects reloaded= 0
========================================================================
Received Prepare
Refreshing native plugins compatible for Editor in 1.37 ms, found 3 plugins.
Preloading 0 native plugins for Editor in 0.00 ms.
Unloading 34 Unused Serialized files (Serialized files now loaded: 0)
Unloading 5964 unused Assets / (6.4 MB). Loaded Objects now: 6659.
Memory consumption went from 148.9 MB to 142.6 MB.
Total: 11.724800 ms (FindLiveObjects: 1.240200 ms CreateObjectMapping: 0.789000 ms MarkObjects: 5.706700 ms  DeleteObjects: 3.988000 ms)

Prepare: number of updated asset objects reloaded= 0
========================================================================
Received Prepare
Begin MonoManager ReloadAssembly
- Loaded All Assemblies, in  0.628 seconds
Refreshing native plugins compatible for Editor in 0.97 ms, found 3 plugins.
Native extension for Android target not found
Native extension for UWP target not found
Native extension for WindowsStandalone target not found
Native extension for WebGL target not found
Mono: successfully reloaded assembly
- Finished resetting the current domain, in  0.732 seconds
Domain Reload Profiling: 1357ms
	BeginReloadAssembly (184ms)
		ExecutionOrderSort (0ms)
		DisableScriptedObjects (5ms)
		BackupInstance (0ms)
		ReleaseScriptingObjects (0ms)
		CreateAndSetChildDomain (46ms)
	RebuildCommonClasses (36ms)
	RebuildNativeTypeToScriptingClass (10ms)
	initialDomainReloadingComplete (28ms)
	LoadAllAssembliesAndSetupDomain (368ms)
		LoadAssemblies (308ms)
		RebuildTransferFunctionScriptingTraits (0ms)
		AnalyzeDomain (152ms)
			TypeCache.Refresh (6ms)
				TypeCache.ScanAssembly (0ms)
			BuildScriptInfoCaches (134ms)
			ResolveRequiredComponents (8ms)
	FinalizeReload (732ms)
		ReleaseScriptCaches (0ms)
		RebuildScriptCaches (0ms)
		SetupLoadedEditorAssemblies (575ms)
			LogAssemblyErrors (0ms)
			InitializePlatformSupportModulesInManaged (11ms)
			SetLoadedEditorAssemblies (4ms)
			BeforeProcessingInitializeOnLoad (102ms)
			ProcessInitializeOnLoadAttributes (407ms)
			ProcessInitializeOnLoadMethodAttributes (46ms)
			AfterProcessingInitializeOnLoad (6ms)
			EditorAssembliesLoaded (0ms)
		ExecutionOrderSort2 (0ms)
		AwakeInstancesAfterBackupRestoration (10ms)
Refreshing native plugins compatible for Editor in 0.98 ms, found 3 plugins.
Preloading 0 native plugins for Editor in 0.00 ms.
Unloading 34 Unused Serialized files (Serialized files now loaded: 0)
Unloading 5971 unused Assets / (6.4 MB). Loaded Objects now: 6661.
Memory consumption went from 148.7 MB to 142.4 MB.
Total: 8.128800 ms (FindLiveObjects: 0.667400 ms CreateObjectMapping: 0.211700 ms MarkObjects: 4.481200 ms  DeleteObjects: 2.767400 ms)

Prepare: number of updated asset objects reloaded= 0
========================================================================
Received Prepare
Refreshing native plugins compatible for Editor in 1.24 ms, found 3 plugins.
Preloading 0 native plugins for Editor in 0.00 ms.
Unloading 34 Unused Serialized files (Serialized files now loaded: 0)
Unloading 5964 unused Assets / (6.3 MB). Loaded Objects now: 6661.
Memory consumption went from 148.9 MB to 142.6 MB.
Total: 18.207100 ms (FindLiveObjects: 3.459000 ms CreateObjectMapping: 1.328000 ms MarkObjects: 8.185800 ms  DeleteObjects: 5.151100 ms)

Prepare: number of updated asset objects reloaded= 0
========================================================================
Received Prepare
Begin MonoManager ReloadAssembly
- Loaded All Assemblies, in  0.618 seconds
Refreshing native plugins compatible for Editor in 1.18 ms, found 3 plugins.
Native extension for Android target not found
Native extension for UWP target not found
Native extension for WindowsStandalone target not found
Native extension for WebGL target not found
Mono: successfully reloaded assembly
- Finished resetting the current domain, in  0.717 seconds
Domain Reload Profiling: 1333ms
	BeginReloadAssembly (174ms)
		ExecutionOrderSort (0ms)
		DisableScriptedObjects (5ms)
		BackupInstance (0ms)
		ReleaseScriptingObjects (0ms)
		CreateAndSetChildDomain (53ms)
	RebuildCommonClasses (29ms)
	RebuildNativeTypeToScriptingClass (10ms)
	initialDomainReloadingComplete (30ms)
	LoadAllAssembliesAndSetupDomain (372ms)
		LoadAssemblies (293ms)
		RebuildTransferFunctionScriptingTraits (0ms)
		AnalyzeDomain (158ms)
			TypeCache.Refresh (7ms)
				TypeCache.ScanAssembly (0ms)
			BuildScriptInfoCaches (138ms)
			ResolveRequiredComponents (9ms)
	FinalizeReload (718ms)
		ReleaseScriptCaches (0ms)
		RebuildScriptCaches (0ms)
		SetupLoadedEditorAssemblies (560ms)
			LogAssemblyErrors (0ms)
			InitializePlatformSupportModulesInManaged (10ms)
			SetLoadedEditorAssemblies (5ms)
			BeforeProcessingInitializeOnLoad (101ms)
			ProcessInitializeOnLoadAttributes (396ms)
			ProcessInitializeOnLoadMethodAttributes (45ms)
			AfterProcessingInitializeOnLoad (4ms)
			EditorAssembliesLoaded (0ms)
		ExecutionOrderSort2 (0ms)
		AwakeInstancesAfterBackupRestoration (11ms)
Refreshing native plugins compatible for Editor in 1.39 ms, found 3 plugins.
Preloading 0 native plugins for Editor in 0.00 ms.
Unloading 34 Unused Serialized files (Serialized files now loaded: 0)
Unloading 5971 unused Assets / (6.5 MB). Loaded Objects now: 6663.
Memory consumption went from 148.8 MB to 142.3 MB.
Total: 10.251800 ms (FindLiveObjects: 0.899200 ms CreateObjectMapping: 0.878900 ms MarkObjects: 4.676600 ms  DeleteObjects: 3.796000 ms)

Prepare: number of updated asset objects reloaded= 0
========================================================================
Received Prepare
Begin MonoManager ReloadAssembly
- Loaded All Assemblies, in  0.570 seconds
Refreshing native plugins compatible for Editor in 0.89 ms, found 3 plugins.
Native extension for Android target not found
Native extension for UWP target not found
Native extension for WindowsStandalone target not found
Native extension for WebGL target not found
Mono: successfully reloaded assembly
- Finished resetting the current domain, in  0.730 seconds
Domain Reload Profiling: 1299ms
	BeginReloadAssembly (168ms)
		ExecutionOrderSort (0ms)
		DisableScriptedObjects (5ms)
		BackupInstance (0ms)
		ReleaseScriptingObjects (0ms)
		CreateAndSetChildDomain (43ms)
	RebuildCommonClasses (26ms)
	RebuildNativeTypeToScriptingClass (13ms)
	initialDomainReloadingComplete (22ms)
	LoadAllAssembliesAndSetupDomain (339ms)
		LoadAssemblies (282ms)
		RebuildTransferFunctionScriptingTraits (0ms)
		AnalyzeDomain (138ms)
			TypeCache.Refresh (4ms)
				TypeCache.ScanAssembly (0ms)
			BuildScriptInfoCaches (123ms)
			ResolveRequiredComponents (7ms)
	FinalizeReload (730ms)
		ReleaseScriptCaches (0ms)
		RebuildScriptCaches (0ms)
		SetupLoadedEditorAssemblies (571ms)
			LogAssemblyErrors (0ms)
			InitializePlatformSupportModulesInManaged (9ms)
			SetLoadedEditorAssemblies (4ms)
			BeforeProcessingInitializeOnLoad (89ms)
			ProcessInitializeOnLoadAttributes (409ms)
			ProcessInitializeOnLoadMethodAttributes (54ms)
			AfterProcessingInitializeOnLoad (6ms)
			EditorAssembliesLoaded (0ms)
		ExecutionOrderSort2 (0ms)
		AwakeInstancesAfterBackupRestoration (10ms)
Refreshing native plugins compatible for Editor in 1.09 ms, found 3 plugins.
Preloading 0 native plugins for Editor in 0.00 ms.
Unloading 34 Unused Serialized files (Serialized files now loaded: 0)
Unloading 5971 unused Assets / (6.5 MB). Loaded Objects now: 6665.
Memory consumption went from 148.8 MB to 142.2 MB.
Total: 10.278300 ms (FindLiveObjects: 0.652500 ms CreateObjectMapping: 0.785400 ms MarkObjects: 4.963600 ms  DeleteObjects: 3.876100 ms)

Prepare: number of updated asset objects reloaded= 0
========================================================================
Received Prepare
Begin MonoManager ReloadAssembly
- Loaded All Assemblies, in  0.576 seconds
Refreshing native plugins compatible for Editor in 1.11 ms, found 3 plugins.
Native extension for Android target not found
Native extension for UWP target not found
Native extension for WindowsStandalone target not found
Native extension for WebGL target not found
Mono: successfully reloaded assembly
- Finished resetting the current domain, in  0.763 seconds
Domain Reload Profiling: 1338ms
	BeginReloadAssembly (165ms)
		ExecutionOrderSort (0ms)
		DisableScriptedObjects (6ms)
		BackupInstance (0ms)
		ReleaseScriptingObjects (0ms)
		CreateAndSetChildDomain (45ms)
	RebuildCommonClasses (27ms)
	RebuildNativeTypeToScriptingClass (9ms)
	initialDomainReloadingComplete (23ms)
	LoadAllAssembliesAndSetupDomain (351ms)
		LoadAssemblies (279ms)
		RebuildTransferFunctionScriptingTraits (0ms)
		AnalyzeDomain (148ms)
			TypeCache.Refresh (6ms)
				TypeCache.ScanAssembly (0ms)
			BuildScriptInfoCaches (130ms)
			ResolveRequiredComponents (6ms)
	FinalizeReload (763ms)
		ReleaseScriptCaches (0ms)
		RebuildScriptCaches (0ms)
		SetupLoadedEditorAssemblies (604ms)
			LogAssemblyErrors (0ms)
			InitializePlatformSupportModulesInManaged (11ms)
			SetLoadedEditorAssemblies (5ms)
			BeforeProcessingInitializeOnLoad (95ms)
			ProcessInitializeOnLoadAttributes (436ms)
			ProcessInitializeOnLoadMethodAttributes (52ms)
			AfterProcessingInitializeOnLoad (5ms)
			EditorAssembliesLoaded (0ms)
		ExecutionOrderSort2 (0ms)
		AwakeInstancesAfterBackupRestoration (12ms)
Refreshing native plugins compatible for Editor in 1.15 ms, found 3 plugins.
Preloading 0 native plugins for Editor in 0.00 ms.
Unloading 34 Unused Serialized files (Serialized files now loaded: 0)
Unloading 5971 unused Assets / (6.2 MB). Loaded Objects now: 6667.
Memory consumption went from 148.8 MB to 142.5 MB.
Total: 9.835000 ms (FindLiveObjects: 1.213400 ms CreateObjectMapping: 0.717200 ms MarkObjects: 4.641800 ms  DeleteObjects: 3.261600 ms)

Prepare: number of updated asset objects reloaded= 0
========================================================================
Received Prepare
Refreshing native plugins compatible for Editor in 0.92 ms, found 3 plugins.
Preloading 0 native plugins for Editor in 0.00 ms.
Unloading 34 Unused Serialized files (Serialized files now loaded: 0)
Unloading 5964 unused Assets / (6.4 MB). Loaded Objects now: 6667.
Memory consumption went from 148.9 MB to 142.6 MB.
Total: 10.155900 ms (FindLiveObjects: 0.914500 ms CreateObjectMapping: 0.330400 ms MarkObjects: 5.131500 ms  DeleteObjects: 3.778400 ms)

Prepare: number of updated asset objects reloaded= 0
========================================================================
Received Prepare
Begin MonoManager ReloadAssembly
- Loaded All Assemblies, in  0.585 seconds
Refreshing native plugins compatible for Editor in 0.71 ms, found 3 plugins.
Native extension for Android target not found
Native extension for UWP target not found
Native extension for WindowsStandalone target not found
Native extension for WebGL target not found
Mono: successfully reloaded assembly
- Finished resetting the current domain, in  0.670 seconds
Domain Reload Profiling: 1254ms
	BeginReloadAssembly (173ms)
		ExecutionOrderSort (0ms)
		DisableScriptedObjects (5ms)
		BackupInstance (0ms)
		ReleaseScriptingObjects (0ms)
		CreateAndSetChildDomain (45ms)
	RebuildCommonClasses (27ms)
	RebuildNativeTypeToScriptingClass (11ms)
	initialDomainReloadingComplete (24ms)
	LoadAllAssembliesAndSetupDomain (348ms)
		LoadAssemblies (287ms)
		RebuildTransferFunctionScriptingTraits (0ms)
		AnalyzeDomain (145ms)
			TypeCache.Refresh (8ms)
				TypeCache.ScanAssembly (0ms)
			BuildScriptInfoCaches (125ms)
			ResolveRequiredComponents (9ms)
	FinalizeReload (671ms)
		ReleaseScriptCaches (0ms)
		RebuildScriptCaches (0ms)
		SetupLoadedEditorAssemblies (520ms)
			LogAssemblyErrors (0ms)
			InitializePlatformSupportModulesInManaged (10ms)
			SetLoadedEditorAssemblies (5ms)
			BeforeProcessingInitializeOnLoad (94ms)
			ProcessInitializeOnLoadAttributes (362ms)
			ProcessInitializeOnLoadMethodAttributes (44ms)
			AfterProcessingInitializeOnLoad (5ms)
			EditorAssembliesLoaded (0ms)
		ExecutionOrderSort2 (0ms)
		AwakeInstancesAfterBackupRestoration (11ms)
Refreshing native plugins compatible for Editor in 1.10 ms, found 3 plugins.
Preloading 0 native plugins for Editor in 0.00 ms.
Unloading 34 Unused Serialized files (Serialized files now loaded: 0)
Unloading 5971 unused Assets / (7.0 MB). Loaded Objects now: 6669.
Memory consumption went from 148.8 MB to 141.8 MB.
Total: 9.555500 ms (FindLiveObjects: 0.668300 ms CreateObjectMapping: 0.559100 ms MarkObjects: 4.775100 ms  DeleteObjects: 3.552300 ms)

Prepare: number of updated asset objects reloaded= 0
========================================================================
Received Prepare
Begin MonoManager ReloadAssembly
- Loaded All Assemblies, in  0.573 seconds
Refreshing native plugins compatible for Editor in 1.10 ms, found 3 plugins.
Native extension for Android target not found
Native extension for UWP target not found
Native extension for WindowsStandalone target not found
Native extension for WebGL target not found
Mono: successfully reloaded assembly
- Finished resetting the current domain, in  0.766 seconds
Domain Reload Profiling: 1340ms
	BeginReloadAssembly (163ms)
		ExecutionOrderSort (0ms)
		DisableScriptedObjects (6ms)
		BackupInstance (0ms)
		ReleaseScriptingObjects (0ms)
		CreateAndSetChildDomain (47ms)
	RebuildCommonClasses (31ms)
	RebuildNativeTypeToScriptingClass (11ms)
	initialDomainReloadingComplete (24ms)
	LoadAllAssembliesAndSetupDomain (345ms)
		LoadAssemblies (263ms)
		RebuildTransferFunctionScriptingTraits (0ms)
		AnalyzeDomain (155ms)
			TypeCache.Refresh (6ms)
				TypeCache.ScanAssembly (0ms)
			BuildScriptInfoCaches (138ms)
			ResolveRequiredComponents (8ms)
	FinalizeReload (766ms)
		ReleaseScriptCaches (0ms)
		RebuildScriptCaches (0ms)
		SetupLoadedEditorAssemblies (583ms)
			LogAssemblyErrors (0ms)
			InitializePlatformSupportModulesInManaged (14ms)
			SetLoadedEditorAssemblies (8ms)
			BeforeProcessingInitializeOnLoad (97ms)
			ProcessInitializeOnLoadAttributes (406ms)
			ProcessInitializeOnLoadMethodAttributes (53ms)
			AfterProcessingInitializeOnLoad (5ms)
			EditorAssembliesLoaded (0ms)
		ExecutionOrderSort2 (0ms)
		AwakeInstancesAfterBackupRestoration (12ms)
Refreshing native plugins compatible for Editor in 1.32 ms, found 3 plugins.
Preloading 0 native plugins for Editor in 0.00 ms.
Unloading 34 Unused Serialized files (Serialized files now loaded: 0)
Unloading 5971 unused Assets / (6.9 MB). Loaded Objects now: 6671.
Memory consumption went from 148.8 MB to 141.9 MB.
Total: 11.226800 ms (FindLiveObjects: 0.700900 ms CreateObjectMapping: 0.623800 ms MarkObjects: 5.522400 ms  DeleteObjects: 4.378500 ms)

Prepare: number of updated asset objects reloaded= 0
========================================================================
Received Prepare
Refreshing native plugins compatible for Editor in 1.45 ms, found 3 plugins.
Preloading 0 native plugins for Editor in 0.00 ms.
Unloading 34 Unused Serialized files (Serialized files now loaded: 0)
Unloading 5964 unused Assets / (6.3 MB). Loaded Objects now: 6671.
Memory consumption went from 149.0 MB to 142.7 MB.
Total: 14.987300 ms (FindLiveObjects: 0.940000 ms CreateObjectMapping: 0.907500 ms MarkObjects: 8.422600 ms  DeleteObjects: 4.707500 ms)

Prepare: number of updated asset objects reloaded= 0
========================================================================
Received Prepare
Begin MonoManager ReloadAssembly
- Loaded All Assemblies, in  0.602 seconds
Refreshing native plugins compatible for Editor in 1.36 ms, found 3 plugins.
Native extension for Android target not found
Native extension for UWP target not found
Native extension for WindowsStandalone target not found
Native extension for WebGL target not found
Mono: successfully reloaded assembly
- Finished resetting the current domain, in  0.646 seconds
Domain Reload Profiling: 1247ms
	BeginReloadAssembly (184ms)
		ExecutionOrderSort (0ms)
		DisableScriptedObjects (5ms)
		BackupInstance (0ms)
		ReleaseScriptingObjects (0ms)
		CreateAndSetChildDomain (54ms)
	RebuildCommonClasses (33ms)
	RebuildNativeTypeToScriptingClass (13ms)
	initialDomainReloadingComplete (24ms)
	LoadAllAssembliesAndSetupDomain (346ms)
		LoadAssemblies (274ms)
		RebuildTransferFunctionScriptingTraits (0ms)
		AnalyzeDomain (156ms)
			TypeCache.Refresh (9ms)
				TypeCache.ScanAssembly (1ms)
			BuildScriptInfoCaches (135ms)
			ResolveRequiredComponents (8ms)
	FinalizeReload (646ms)
		ReleaseScriptCaches (0ms)
		RebuildScriptCaches (0ms)
		SetupLoadedEditorAssemblies (499ms)
			LogAssemblyErrors (0ms)
			InitializePlatformSupportModulesInManaged (9ms)
			SetLoadedEditorAssemblies (4ms)
			BeforeProcessingInitializeOnLoad (93ms)
			ProcessInitializeOnLoadAttributes (344ms)
			ProcessInitializeOnLoadMethodAttributes (44ms)
			AfterProcessingInitializeOnLoad (5ms)
			EditorAssembliesLoaded (0ms)
		ExecutionOrderSort2 (0ms)
		AwakeInstancesAfterBackupRestoration (9ms)
Refreshing native plugins compatible for Editor in 1.25 ms, found 3 plugins.
Preloading 0 native plugins for Editor in 0.00 ms.
Unloading 34 Unused Serialized files (Serialized files now loaded: 0)
Unloading 5971 unused Assets / (6.8 MB). Loaded Objects now: 6673.
Memory consumption went from 148.8 MB to 142.0 MB.
Total: 8.722600 ms (FindLiveObjects: 0.749200 ms CreateObjectMapping: 0.561800 ms MarkObjects: 4.264200 ms  DeleteObjects: 3.146400 ms)

Prepare: number of updated asset objects reloaded= 0
========================================================================
Received Prepare
Refreshing native plugins compatible for Editor in 1.09 ms, found 3 plugins.
Preloading 0 native plugins for Editor in 0.00 ms.
Unloading 34 Unused Serialized files (Serialized files now loaded: 0)
Unloading 5964 unused Assets / (7.5 MB). Loaded Objects now: 6673.
Memory consumption went from 148.9 MB to 141.4 MB.
Total: 12.232400 ms (FindLiveObjects: 1.132700 ms CreateObjectMapping: 0.999700 ms MarkObjects: 5.982900 ms  DeleteObjects: 4.115300 ms)

Prepare: number of updated asset objects reloaded= 0
========================================================================
Received Prepare
Begin MonoManager ReloadAssembly
- Loaded All Assemblies, in  0.588 seconds
Refreshing native plugins compatible for Editor in 1.22 ms, found 3 plugins.
Native extension for Android target not found
Native extension for UWP target not found
Native extension for WindowsStandalone target not found
Native extension for WebGL target not found
Mono: successfully reloaded assembly
- Finished resetting the current domain, in  0.700 seconds
Domain Reload Profiling: 1289ms
	BeginReloadAssembly (171ms)
		ExecutionOrderSort (0ms)
		DisableScriptedObjects (7ms)
		BackupInstance (0ms)
		ReleaseScriptingObjects (0ms)
		CreateAndSetChildDomain (47ms)
	RebuildCommonClasses (31ms)
	RebuildNativeTypeToScriptingClass (14ms)
	initialDomainReloadingComplete (28ms)
	LoadAllAssembliesAndSetupDomain (346ms)
		LoadAssemblies (283ms)
		RebuildTransferFunctionScriptingTraits (0ms)
		AnalyzeDomain (139ms)
			TypeCache.Refresh (7ms)
				TypeCache.ScanAssembly (0ms)
			BuildScriptInfoCaches (121ms)
			ResolveRequiredComponents (6ms)
	FinalizeReload (700ms)
		ReleaseScriptCaches (0ms)
		RebuildScriptCaches (0ms)
		SetupLoadedEditorAssemblies (544ms)
			LogAssemblyErrors (0ms)
			InitializePlatformSupportModulesInManaged (24ms)
			SetLoadedEditorAssemblies (4ms)
			BeforeProcessingInitializeOnLoad (87ms)
			ProcessInitializeOnLoadAttributes (383ms)
			ProcessInitializeOnLoadMethodAttributes (41ms)
			AfterProcessingInitializeOnLoad (4ms)
			EditorAssembliesLoaded (0ms)
		ExecutionOrderSort2 (0ms)
		AwakeInstancesAfterBackupRestoration (9ms)
Refreshing native plugins compatible for Editor in 2.25 ms, found 3 plugins.
Preloading 0 native plugins for Editor in 0.00 ms.
Unloading 34 Unused Serialized files (Serialized files now loaded: 0)
Unloading 5971 unused Assets / (6.3 MB). Loaded Objects now: 6675.
Memory consumption went from 148.8 MB to 142.5 MB.
Total: 17.781800 ms (FindLiveObjects: 1.025400 ms CreateObjectMapping: 0.983000 ms MarkObjects: 8.670500 ms  DeleteObjects: 7.101500 ms)

Prepare: number of updated asset objects reloaded= 0
========================================================================
Received Prepare
Refreshing native plugins compatible for Editor in 0.85 ms, found 3 plugins.
Preloading 0 native plugins for Editor in 0.00 ms.
Unloading 34 Unused Serialized files (Serialized files now loaded: 0)
Unloading 5964 unused Assets / (6.5 MB). Loaded Objects now: 6675.
Memory consumption went from 148.9 MB to 142.5 MB.
Total: 9.194200 ms (FindLiveObjects: 0.609300 ms CreateObjectMapping: 0.560900 ms MarkObjects: 4.330200 ms  DeleteObjects: 3.692900 ms)

Prepare: number of updated asset objects reloaded= 0
========================================================================
Received Prepare
Begin MonoManager ReloadAssembly
- Loaded All Assemblies, in  0.596 seconds
Refreshing native plugins compatible for Editor in 0.95 ms, found 3 plugins.
Native extension for Android target not found
Native extension for UWP target not found
Native extension for WindowsStandalone target not found
Native extension for WebGL target not found
Mono: successfully reloaded assembly
- Finished resetting the current domain, in  0.657 seconds
Domain Reload Profiling: 1252ms
	BeginReloadAssembly (189ms)
		ExecutionOrderSort (0ms)
		DisableScriptedObjects (24ms)
		BackupInstance (0ms)
		ReleaseScriptingObjects (0ms)
		CreateAndSetChildDomain (47ms)
	RebuildCommonClasses (36ms)
	RebuildNativeTypeToScriptingClass (12ms)
	initialDomainReloadingComplete (22ms)
	LoadAllAssembliesAndSetupDomain (337ms)
		LoadAssemblies (274ms)
		RebuildTransferFunctionScriptingTraits (0ms)
		AnalyzeDomain (144ms)
			TypeCache.Refresh (8ms)
				TypeCache.ScanAssembly (0ms)
			BuildScriptInfoCaches (124ms)
			ResolveRequiredComponents (8ms)
	FinalizeReload (657ms)
		ReleaseScriptCaches (0ms)
		RebuildScriptCaches (0ms)
		SetupLoadedEditorAssemblies (509ms)
			LogAssemblyErrors (0ms)
			InitializePlatformSupportModulesInManaged (9ms)
			SetLoadedEditorAssemblies (4ms)
			BeforeProcessingInitializeOnLoad (88ms)
			ProcessInitializeOnLoadAttributes (364ms)
			ProcessInitializeOnLoadMethodAttributes (39ms)
			AfterProcessingInitializeOnLoad (5ms)
			EditorAssembliesLoaded (0ms)
		ExecutionOrderSort2 (0ms)
		AwakeInstancesAfterBackupRestoration (8ms)
Refreshing native plugins compatible for Editor in 0.83 ms, found 3 plugins.
Preloading 0 native plugins for Editor in 0.00 ms.
Unloading 34 Unused Serialized files (Serialized files now loaded: 0)
Unloading 5971 unused Assets / (6.8 MB). Loaded Objects now: 6677.
Memory consumption went from 148.8 MB to 142.0 MB.
Total: 8.278600 ms (FindLiveObjects: 0.744400 ms CreateObjectMapping: 0.262800 ms MarkObjects: 4.093100 ms  DeleteObjects: 3.177700 ms)

Prepare: number of updated asset objects reloaded= 0
========================================================================
Received Prepare
Begin MonoManager ReloadAssembly
- Loaded All Assemblies, in  0.567 seconds
Refreshing native plugins compatible for Editor in 0.74 ms, found 3 plugins.
Native extension for Android target not found
Native extension for UWP target not found
Native extension for WindowsStandalone target not found
Native extension for WebGL target not found
Mono: successfully reloaded assembly
- Finished resetting the current domain, in  0.685 seconds
Domain Reload Profiling: 1250ms
	BeginReloadAssembly (161ms)
		ExecutionOrderSort (0ms)
		DisableScriptedObjects (6ms)
		BackupInstance (0ms)
		ReleaseScriptingObjects (0ms)
		CreateAndSetChildDomain (41ms)
	RebuildCommonClasses (28ms)
	RebuildNativeTypeToScriptingClass (11ms)
	initialDomainReloadingComplete (24ms)
	LoadAllAssembliesAndSetupDomain (340ms)
		LoadAssemblies (273ms)
		RebuildTransferFunctionScriptingTraits (0ms)
		AnalyzeDomain (142ms)
			TypeCache.Refresh (5ms)
				TypeCache.ScanAssembly (0ms)
			BuildScriptInfoCaches (127ms)
			ResolveRequiredComponents (7ms)
	FinalizeReload (685ms)
		ReleaseScriptCaches (0ms)
		RebuildScriptCaches (0ms)
		SetupLoadedEditorAssemblies (533ms)
			LogAssemblyErrors (0ms)
			InitializePlatformSupportModulesInManaged (10ms)
			SetLoadedEditorAssemblies (4ms)
			BeforeProcessingInitializeOnLoad (97ms)
			ProcessInitializeOnLoadAttributes (376ms)
			ProcessInitializeOnLoadMethodAttributes (41ms)
			AfterProcessingInitializeOnLoad (4ms)
			EditorAssembliesLoaded (0ms)
		ExecutionOrderSort2 (0ms)
		AwakeInstancesAfterBackupRestoration (11ms)
Refreshing native plugins compatible for Editor in 1.20 ms, found 3 plugins.
Preloading 0 native plugins for Editor in 0.00 ms.
Unloading 34 Unused Serialized files (Serialized files now loaded: 0)
Unloading 5971 unused Assets / (7.0 MB). Loaded Objects now: 6679.
Memory consumption went from 148.8 MB to 141.8 MB.
Total: 11.237400 ms (FindLiveObjects: 0.966400 ms CreateObjectMapping: 1.125000 ms MarkObjects: 4.722400 ms  DeleteObjects: 4.422500 ms)

Prepare: number of updated asset objects reloaded= 0
========================================================================
Received Prepare
Refreshing native plugins compatible for Editor in 1.09 ms, found 3 plugins.
Preloading 0 native plugins for Editor in 0.00 ms.
Unloading 34 Unused Serialized files (Serialized files now loaded: 0)
Unloading 5964 unused Assets / (5.7 MB). Loaded Objects now: 6679.
Memory consumption went from 149.0 MB to 143.2 MB.
Total: 7.798800 ms (FindLiveObjects: 0.719100 ms CreateObjectMapping: 0.318300 ms MarkObjects: 4.083900 ms  DeleteObjects: 2.676600 ms)

Prepare: number of updated asset objects reloaded= 0
========================================================================
Received Prepare
Begin MonoManager ReloadAssembly
- Loaded All Assemblies, in  0.598 seconds
Refreshing native plugins compatible for Editor in 0.74 ms, found 3 plugins.
Native extension for Android target not found
Native extension for UWP target not found
Native extension for WindowsStandalone target not found
Native extension for WebGL target not found
Mono: successfully reloaded assembly
- Finished resetting the current domain, in  0.678 seconds
Domain Reload Profiling: 1277ms
	BeginReloadAssembly (171ms)
		ExecutionOrderSort (0ms)
		DisableScriptedObjects (5ms)
		BackupInstance (0ms)
		ReleaseScriptingObjects (0ms)
		CreateAndSetChildDomain (44ms)
	RebuildCommonClasses (29ms)
	RebuildNativeTypeToScriptingClass (10ms)
	initialDomainReloadingComplete (25ms)
	LoadAllAssembliesAndSetupDomain (363ms)
		LoadAssemblies (294ms)
		RebuildTransferFunctionScriptingTraits (0ms)
		AnalyzeDomain (151ms)
			TypeCache.Refresh (8ms)
				TypeCache.ScanAssembly (0ms)
			BuildScriptInfoCaches (133ms)
			ResolveRequiredComponents (7ms)
	FinalizeReload (679ms)
		ReleaseScriptCaches (0ms)
		RebuildScriptCaches (0ms)
		SetupLoadedEditorAssemblies (528ms)
			LogAssemblyErrors (0ms)
			InitializePlatformSupportModulesInManaged (10ms)
			SetLoadedEditorAssemblies (4ms)
			BeforeProcessingInitializeOnLoad (103ms)
			ProcessInitializeOnLoadAttributes (365ms)
			ProcessInitializeOnLoadMethodAttributes (39ms)
			AfterProcessingInitializeOnLoad (6ms)
			EditorAssembliesLoaded (0ms)
		ExecutionOrderSort2 (0ms)
		AwakeInstancesAfterBackupRestoration (9ms)
Refreshing native plugins compatible for Editor in 0.97 ms, found 3 plugins.
Preloading 0 native plugins for Editor in 0.00 ms.
Unloading 34 Unused Serialized files (Serialized files now loaded: 0)
Unloading 5971 unused Assets / (6.2 MB). Loaded Objects now: 6681.
Memory consumption went from 148.8 MB to 142.6 MB.
Total: 9.664000 ms (FindLiveObjects: 0.700700 ms CreateObjectMapping: 0.592000 ms MarkObjects: 5.314200 ms  DeleteObjects: 3.056200 ms)

Prepare: number of updated asset objects reloaded= 0
========================================================================
Received Prepare
Begin MonoManager ReloadAssembly
- Loaded All Assemblies, in  0.571 seconds
Refreshing native plugins compatible for Editor in 0.74 ms, found 3 plugins.
Native extension for Android target not found
Native extension for UWP target not found
Native extension for WindowsStandalone target not found
Native extension for WebGL target not found
Mono: successfully reloaded assembly
- Finished resetting the current domain, in  0.702 seconds
Domain Reload Profiling: 1271ms
	BeginReloadAssembly (164ms)
		ExecutionOrderSort (0ms)
		DisableScriptedObjects (5ms)
		BackupInstance (0ms)
		ReleaseScriptingObjects (0ms)
		CreateAndSetChildDomain (49ms)
	RebuildCommonClasses (29ms)
	RebuildNativeTypeToScriptingClass (9ms)
	initialDomainReloadingComplete (25ms)
	LoadAllAssembliesAndSetupDomain (341ms)
		LoadAssemblies (265ms)
		RebuildTransferFunctionScriptingTraits (0ms)
		AnalyzeDomain (149ms)
			TypeCache.Refresh (6ms)
				TypeCache.ScanAssembly (0ms)
			BuildScriptInfoCaches (132ms)
			ResolveRequiredComponents (8ms)
	FinalizeReload (702ms)
		ReleaseScriptCaches (0ms)
		RebuildScriptCaches (0ms)
		SetupLoadedEditorAssemblies (541ms)
			LogAssemblyErrors (0ms)
			InitializePlatformSupportModulesInManaged (9ms)
			SetLoadedEditorAssemblies (6ms)
			BeforeProcessingInitializeOnLoad (92ms)
			ProcessInitializeOnLoadAttributes (379ms)
			ProcessInitializeOnLoadMethodAttributes (51ms)
			AfterProcessingInitializeOnLoad (5ms)
			EditorAssembliesLoaded (0ms)
		ExecutionOrderSort2 (0ms)
		AwakeInstancesAfterBackupRestoration (13ms)
Refreshing native plugins compatible for Editor in 1.22 ms, found 3 plugins.
Preloading 0 native plugins for Editor in 0.00 ms.
Unloading 34 Unused Serialized files (Serialized files now loaded: 0)
Unloading 5971 unused Assets / (6.4 MB). Loaded Objects now: 6683.
Memory consumption went from 148.8 MB to 142.4 MB.
Total: 12.045700 ms (FindLiveObjects: 0.655500 ms CreateObjectMapping: 0.349400 ms MarkObjects: 5.197400 ms  DeleteObjects: 5.842200 ms)

Prepare: number of updated asset objects reloaded= 0
========================================================================
Received Prepare
Begin MonoManager ReloadAssembly
- Loaded All Assemblies, in  3.301 seconds
Refreshing native plugins compatible for Editor in 1.55 ms, found 3 plugins.
Native extension for Android target not found
Native extension for UWP target not found
Native extension for WindowsStandalone target not found
Native extension for WebGL target not found
Mono: successfully reloaded assembly
- Finished resetting the current domain, in  1.080 seconds
Domain Reload Profiling: 4382ms
	BeginReloadAssembly (491ms)
		ExecutionOrderSort (0ms)
		DisableScriptedObjects (16ms)
		BackupInstance (0ms)
		ReleaseScriptingObjects (0ms)
		CreateAndSetChildDomain (92ms)
	RebuildCommonClasses (127ms)
	RebuildNativeTypeToScriptingClass (9ms)
	initialDomainReloadingComplete (26ms)
	LoadAllAssembliesAndSetupDomain (2649ms)
		LoadAssemblies (2720ms)
		RebuildTransferFunctionScriptingTraits (0ms)
		AnalyzeDomain (244ms)
			TypeCache.Refresh (11ms)
				TypeCache.ScanAssembly (0ms)
			BuildScriptInfoCaches (201ms)
			ResolveRequiredComponents (25ms)
	FinalizeReload (1080ms)
		ReleaseScriptCaches (0ms)
		RebuildScriptCaches (0ms)
		SetupLoadedEditorAssemblies (639ms)
			LogAssemblyErrors (0ms)
			InitializePlatformSupportModulesInManaged (13ms)
			SetLoadedEditorAssemblies (8ms)
			BeforeProcessingInitializeOnLoad (117ms)
			ProcessInitializeOnLoadAttributes (447ms)
			ProcessInitializeOnLoadMethodAttributes (48ms)
			AfterProcessingInitializeOnLoad (5ms)
			EditorAssembliesLoaded (0ms)
		ExecutionOrderSort2 (0ms)
		AwakeInstancesAfterBackupRestoration (12ms)
Refreshing native plugins compatible for Editor in 1.47 ms, found 3 plugins.
Preloading 0 native plugins for Editor in 0.00 ms.
Unloading 34 Unused Serialized files (Serialized files now loaded: 0)
Unloading 5972 unused Assets / (6.3 MB). Loaded Objects now: 6686.
Memory consumption went from 148.8 MB to 142.5 MB.
Total: 10.840100 ms (FindLiveObjects: 0.625800 ms CreateObjectMapping: 0.532000 ms MarkObjects: 5.553200 ms  DeleteObjects: 4.127800 ms)

Prepare: number of updated asset objects reloaded= 0
========================================================================
Received Prepare
Begin MonoManager ReloadAssembly
- Loaded All Assemblies, in  0.642 seconds
Refreshing native plugins compatible for Editor in 1.16 ms, found 3 plugins.
Native extension for Android target not found
Native extension for UWP target not found
Native extension for WindowsStandalone target not found
Native extension for WebGL target not found
Mono: successfully reloaded assembly
- Finished resetting the current domain, in  0.713 seconds
Domain Reload Profiling: 1354ms
	BeginReloadAssembly (177ms)
		ExecutionOrderSort (0ms)
		DisableScriptedObjects (5ms)
		BackupInstance (0ms)
		ReleaseScriptingObjects (0ms)
		CreateAndSetChildDomain (51ms)
	RebuildCommonClasses (30ms)
	RebuildNativeTypeToScriptingClass (10ms)
	initialDomainReloadingComplete (22ms)
	LoadAllAssembliesAndSetupDomain (402ms)
		LoadAssemblies (323ms)
		RebuildTransferFunctionScriptingTraits (0ms)
		AnalyzeDomain (162ms)
			TypeCache.Refresh (5ms)
				TypeCache.ScanAssembly (0ms)
			BuildScriptInfoCaches (146ms)
			ResolveRequiredComponents (8ms)
	FinalizeReload (714ms)
		ReleaseScriptCaches (0ms)
		RebuildScriptCaches (0ms)
		SetupLoadedEditorAssemblies (553ms)
			LogAssemblyErrors (0ms)
			InitializePlatformSupportModulesInManaged (10ms)
			SetLoadedEditorAssemblies (4ms)
			BeforeProcessingInitializeOnLoad (105ms)
			ProcessInitializeOnLoadAttributes (383ms)
			ProcessInitializeOnLoadMethodAttributes (46ms)
			AfterProcessingInitializeOnLoad (5ms)
			EditorAssembliesLoaded (0ms)
		ExecutionOrderSort2 (0ms)
		AwakeInstancesAfterBackupRestoration (10ms)
Refreshing native plugins compatible for Editor in 0.96 ms, found 3 plugins.
Preloading 0 native plugins for Editor in 0.00 ms.
Unloading 34 Unused Serialized files (Serialized files now loaded: 0)
Unloading 5972 unused Assets / (5.9 MB). Loaded Objects now: 6688.
Memory consumption went from 148.8 MB to 143.0 MB.
Total: 10.670600 ms (FindLiveObjects: 0.796800 ms CreateObjectMapping: 0.673400 ms MarkObjects: 6.122100 ms  DeleteObjects: 3.077300 ms)

Prepare: number of updated asset objects reloaded= 0
========================================================================
Received Import Request.
  Time since last request: 5741.067821 seconds.
  path: Assets/VarcanRex/LongSword/Materials/Plane.mat
  artifactKey: Guid(dd233813ba7c36c4ab4dd35d9ba9f47d) Importer(815301076,1909f56bfc062723c751e8b465ee728b)
Start importing Assets/VarcanRex/LongSword/Materials/Plane.mat using Guid(dd233813ba7c36c4ab4dd35d9ba9f47d) Importer(815301076,1909f56bfc062723c751e8b465ee728b) (PreviewImporter) -> (artifact id: '151545a211779fb963a676f75ffbec1f') in 0.8265081 seconds
Number of updated asset objects reloaded before import = 0Number of asset objects unloaded after import = 2

========================================================================
Received Import Request.
  Time since last request: 68.419648 seconds.
  path: Assets/Readme.asset
  artifactKey: Guid(8105016687592461f977c054a80ce2f2) Importer(2089858483,3d70f49cd1c2eb9ae422958d1c652c6b)
Start importing Assets/Readme.asset using Guid(8105016687592461f977c054a80ce2f2) Importer(2089858483,3d70f49cd1c2eb9ae422958d1c652c6b) (ScriptedImporter) -> (artifact id: '6dfdf3fa2898d0d8234ac1e9bc1738d7') in 0.2395449 seconds
Number of updated asset objects reloaded before import = 0Number of asset objects unloaded after import = 1

========================================================================
Received Import Request.
  Time since last request: 0.000031 seconds.
  path: Assets/Settings/Mobile_RPAsset.asset
  artifactKey: Guid(5e6cbd92db86f4b18aec3ed561671858) Importer(2089858483,3d70f49cd1c2eb9ae422958d1c652c6b)
Start importing Assets/Settings/Mobile_RPAsset.asset using Guid(5e6cbd92db86f4b18aec3ed561671858) Importer(2089858483,3d70f49cd1c2eb9ae422958d1c652c6b) (ScriptedImporter) -> (artifact id: 'e013daf21722b33491d5905e1c5136ed') in 0.0384983 seconds
Number of updated asset objects reloaded before import = 0Number of asset objects unloaded after import = 1

========================================================================
Received Import Request.
  Time since last request: 0.000032 seconds.
  path: Assets/AngeloMaN87/Prototype Map/Scenes/Game.unity
  artifactKey: Guid(03ed3121c080d904885ea5bc4c0cfcf3) Importer(2089858483,3d70f49cd1c2eb9ae422958d1c652c6b)
Start importing Assets/AngeloMaN87/Prototype Map/Scenes/Game.unity using Guid(03ed3121c080d904885ea5bc4c0cfcf3) Importer(2089858483,3d70f49cd1c2eb9ae422958d1c652c6b) (ScriptedImporter)Opening scene 'Assets/AngeloMaN87/Prototype Map/Scenes/Game.unity additively'
Loaded scene 'Assets/AngeloMaN87/Prototype Map/Scenes/Game.unity'
	Deserialize:            12.186 ms
	Integration:            16.889 ms
	Integration of assets:  0.003 ms
	Thread Wait Time:       0.011 ms
	Total Operation Time:   29.088 ms
 -> (artifact id: 'cd5db7819b5b30e4f1febb4e05ca59c3') in 0.0806131 seconds
Number of updated asset objects reloaded before import = 0Number of asset objects unloaded after import = 29

========================================================================
Received Import Request.
  Time since last request: 0.000024 seconds.
  path: Assets/Settings/UniversalRenderPipelineGlobalSettings.asset
  artifactKey: Guid(18dc0cd2c080841dea60987a38ce93fa) Importer(2089858483,3d70f49cd1c2eb9ae422958d1c652c6b)
Start importing Assets/Settings/UniversalRenderPipelineGlobalSettings.asset using Guid(18dc0cd2c080841dea60987a38ce93fa) Importer(2089858483,3d70f49cd1c2eb9ae422958d1c652c6b) (ScriptedImporter) -> (artifact id: 'e79d6ac2f0187cb7ed9b51824e59b15a') in 0.0160363 seconds
Number of updated asset objects reloaded before import = 0Number of asset objects unloaded after import = 0

========================================================================
Received Import Request.
  Time since last request: 0.000018 seconds.
  path: Assets/Settings/Mobile_Renderer.asset
  artifactKey: Guid(65bc7dbf4170f435aa868c779acfb082) Importer(2089858483,3d70f49cd1c2eb9ae422958d1c652c6b)
Start importing Assets/Settings/Mobile_Renderer.asset using Guid(65bc7dbf4170f435aa868c779acfb082) Importer(2089858483,3d70f49cd1c2eb9ae422958d1c652c6b) (ScriptedImporter) -> (artifact id: '7544b46c0dbd63b9d2727dd486f44cca') in 0.0113597 seconds
Number of updated asset objects reloaded before import = 0Number of asset objects unloaded after import = 0

========================================================================
Received Import Request.
  Time since last request: 0.000018 seconds.
  path: Assets/Scenes/Game.unity
  artifactKey: Guid(5060735682540834495968fee07c04be) Importer(2089858483,3d70f49cd1c2eb9ae422958d1c652c6b)
Start importing Assets/Scenes/Game.unity using Guid(5060735682540834495968fee07c04be) Importer(2089858483,3d70f49cd1c2eb9ae422958d1c652c6b) (ScriptedImporter)Opening scene 'Assets/Scenes/Game.unity additively'
Loaded scene 'Assets/Scenes/Game.unity'
	Deserialize:            1.544 ms
	Integration:            94.057 ms
	Integration of assets:  0.002 ms
	Thread Wait Time:       0.011 ms
	Total Operation Time:   95.614 ms
 -> (artifact id: '7d1f8c6ca1c0b54000ec2adc8e4bbd15') in 0.1391242 seconds
Number of updated asset objects reloaded before import = 0Number of asset objects unloaded after import = 199

========================================================================
Received Import Request.
  Time since last request: 0.000028 seconds.
  path: Assets/_TerrainAutoUpgrade/layer_Grass_AGrass_N35958dd7185cb88.terrainlayer
  artifactKey: Guid(afc39bd859a75e84e9e6784b573c0438) Importer(2089858483,192608db42251d675da83286b1cce702)
Start importing Assets/_TerrainAutoUpgrade/layer_Grass_AGrass_N35958dd7185cb88.terrainlayer using Guid(afc39bd859a75e84e9e6784b573c0438) Importer(2089858483,192608db42251d675da83286b1cce702) (ScriptedImporter) -> (artifact id: '32252b18aae8921d16e3ea573894bf41') in 0.1044558 seconds
Number of updated asset objects reloaded before import = 0Number of asset objects unloaded after import = 1

========================================================================
Received Import Request.
  Time since last request: 0.000039 seconds.
  path: Assets/Graphics/Animation/NightshadeAC.controller
  artifactKey: Guid(2207163937c69e946abe3af4aa6986eb) Importer(2089858483,192608db42251d675da83286b1cce702)
Start importing Assets/Graphics/Animation/NightshadeAC.controller using Guid(2207163937c69e946abe3af4aa6986eb) Importer(2089858483,192608db42251d675da83286b1cce702) (ScriptedImporter) -> (artifact id: '27371662ce53e33ae9eaf2160862e0af') in 0.0568207 seconds
Number of updated asset objects reloaded before import = 0Number of asset objects unloaded after import = 12

========================================================================
Received Import Request.
  Time since last request: 0.000025 seconds.
  path: Assets/Scripts/CombatSystem/CombatController.cs
  artifactKey: Guid(31e58eb23b9548440bc8bfc6fd97a5ca) Importer(2089858483,192608db42251d675da83286b1cce702)
Start importing Assets/Scripts/CombatSystem/CombatController.cs using Guid(31e58eb23b9548440bc8bfc6fd97a5ca) Importer(2089858483,192608db42251d675da83286b1cce702) (ScriptedImporter) -> (artifact id: '04b5f3fb424a7440625c44cb041ffa3f') in 0.0238371 seconds
Number of updated asset objects reloaded before import = 0Number of asset objects unloaded after import = 0

========================================================================
Received Import Request.
  Time since last request: 0.000025 seconds.
  path: Assets/Scripts/CombatSystem/MeeleFighter.cs
  artifactKey: Guid(8c4862b2c2baf024c876753100bca42c) Importer(2089858483,192608db42251d675da83286b1cce702)
Start importing Assets/Scripts/CombatSystem/MeeleFighter.cs using Guid(8c4862b2c2baf024c876753100bca42c) Importer(2089858483,192608db42251d675da83286b1cce702) (ScriptedImporter) -> (artifact id: '1c35b7ccba2203ec1b5f0029485060b4') in 0.0176949 seconds
Number of updated asset objects reloaded before import = 0Number of asset objects unloaded after import = 0

========================================================================
Received Import Request.
  Time since last request: 0.000033 seconds.
  path: Assets/Graphics/Nightshade J Friedrich@Sword And Shield Slash (1).fbx
  artifactKey: Guid(39ddcca113b63b24b94aa3c014bd84ea) Importer(2089858483,192608db42251d675da83286b1cce702)
Start importing Assets/Graphics/Nightshade J Friedrich@Sword And Shield Slash (1).fbx using Guid(39ddcca113b63b24b94aa3c014bd84ea) Importer(2089858483,192608db42251d675da83286b1cce702) (ScriptedImporter) -> (artifact id: '0a421b1f7d3dee60bfd6c538fe6b4412') in 0.0810023 seconds
Number of updated asset objects reloaded before import = 0Number of asset objects unloaded after import = 142

========================================================================
Received Import Request.
  Time since last request: 0.000027 seconds.
  path: Assets/Graphics/Nightshade J Friedrich@Running.fbx
  artifactKey: Guid(4168b383db1474f419d41ebd42c660da) Importer(2089858483,192608db42251d675da83286b1cce702)
Start importing Assets/Graphics/Nightshade J Friedrich@Running.fbx using Guid(4168b383db1474f419d41ebd42c660da) Importer(2089858483,192608db42251d675da83286b1cce702) (ScriptedImporter) -> (artifact id: 'a1831127a78eea324b1b75cd8ad71f51') in 0.0546091 seconds
Number of updated asset objects reloaded before import = 0Number of asset objects unloaded after import = 142

========================================================================
Received Import Request.
  Time since last request: 0.000028 seconds.
  path: Assets/VarcanRex/LongSword/Textures
  artifactKey: Guid(8f0a07cb1aca3bb4ba748c6ae91713ae) Importer(2089858483,192608db42251d675da83286b1cce702)
Start importing Assets/VarcanRex/LongSword/Textures using Guid(8f0a07cb1aca3bb4ba748c6ae91713ae) Importer(2089858483,192608db42251d675da83286b1cce702) (ScriptedImporter) -> (artifact id: 'bdb0f667695fbb28bfd02b92e8c9fbe5') in 0.0166129 seconds
Number of updated asset objects reloaded before import = 0Number of asset objects unloaded after import = 1

========================================================================
Received Import Request.
  Time since last request: 0.000044 seconds.
  path: Assets/Graphics/Textures
  artifactKey: Guid(e916b4a372fc40043ae9ab1dc9c1c767) Importer(2089858483,192608db42251d675da83286b1cce702)
Start importing Assets/Graphics/Textures using Guid(e916b4a372fc40043ae9ab1dc9c1c767) Importer(2089858483,192608db42251d675da83286b1cce702) (ScriptedImporter) -> (artifact id: '0a69a016d3e933ee4fcbef147b171354') in 0.0365895 seconds
Number of updated asset objects reloaded before import = 0Number of asset objects unloaded after import = 1

========================================================================
Received Import Request.
  Time since last request: 0.000022 seconds.
  path: Assets/Graphics/Animation
  artifactKey: Guid(6d36eaac79bb17d4ba075df132eaabe5) Importer(2089858483,192608db42251d675da83286b1cce702)
Start importing Assets/Graphics/Animation using Guid(6d36eaac79bb17d4ba075df132eaabe5) Importer(2089858483,192608db42251d675da83286b1cce702) (ScriptedImporter) -> (artifact id: 'cea5ff9414b43c76b28835dd82e6035f') in 0.0146787 seconds
Number of updated asset objects reloaded before import = 0Number of asset objects unloaded after import = 1

========================================================================
Received Import Request.
  Time since last request: 0.000031 seconds.
  path: Assets/_TerrainAutoUpgrade/layer_Grass_AGrass_Ncc0f254a2c535401.terrainlayer
  artifactKey: Guid(78d5eb375204ecd4d83d55bd2b3591ce) Importer(2089858483,192608db42251d675da83286b1cce702)
Start importing Assets/_TerrainAutoUpgrade/layer_Grass_AGrass_Ncc0f254a2c535401.terrainlayer using Guid(78d5eb375204ecd4d83d55bd2b3591ce) Importer(2089858483,192608db42251d675da83286b1cce702) (ScriptedImporter) -> (artifact id: '4a98ea9d2a9bef29b543320d9d30ceb2') in 0.0232597 seconds
Number of updated asset objects reloaded before import = 0Number of asset objects unloaded after import = 1

========================================================================
Received Import Request.
  Time since last request: 0.000022 seconds.
  path: Assets/VarcanRex/LongSword/Materials/Plane.mat
  artifactKey: Guid(dd233813ba7c36c4ab4dd35d9ba9f47d) Importer(2089858483,192608db42251d675da83286b1cce702)
Start importing Assets/VarcanRex/LongSword/Materials/Plane.mat using Guid(dd233813ba7c36c4ab4dd35d9ba9f47d) Importer(2089858483,192608db42251d675da83286b1cce702) (ScriptedImporter) -> (artifact id: 'fdbac553473e80b4865755a4248e9b8b') in 0.0279243 seconds
Number of updated asset objects reloaded before import = 0Number of asset objects unloaded after import = 1

========================================================================
Received Import Request.
  Time since last request: 0.000034 seconds.
  path: Assets/Settings/DefaultVolumeProfile.asset
  artifactKey: Guid(ab09877e2e707104187f6f83e2f62510) Importer(2089858483,3d70f49cd1c2eb9ae422958d1c652c6b)
Start importing Assets/Settings/DefaultVolumeProfile.asset using Guid(ab09877e2e707104187f6f83e2f62510) Importer(2089858483,3d70f49cd1c2eb9ae422958d1c652c6b) (ScriptedImporter) -> (artifact id: 'c8da7f7eb84d4320dcc2396ba871b30c') in 0.0189934 seconds
Number of updated asset objects reloaded before import = 0Number of asset objects unloaded after import = 0

========================================================================
Received Import Request.
  Time since last request: 0.000035 seconds.
  path: Assets/Graphics/ShaderStudy
  artifactKey: Guid(ac20fe87c41b210478ff031de2fb489d) Importer(2089858483,192608db42251d675da83286b1cce702)
Start importing Assets/Graphics/ShaderStudy using Guid(ac20fe87c41b210478ff031de2fb489d) Importer(2089858483,192608db42251d675da83286b1cce702) (ScriptedImporter) -> (artifact id: 'a8c80b2b11999e1628a3f815eb025db4') in 0.0140336 seconds
Number of updated asset objects reloaded before import = 0Number of asset objects unloaded after import = 1

========================================================================
Received Import Request.
  Time since last request: 0.000022 seconds.
  path: Assets/Settings/SampleSceneProfile.asset
  artifactKey: Guid(10fc4df2da32a41aaa32d77bc913491c) Importer(2089858483,3d70f49cd1c2eb9ae422958d1c652c6b)
Start importing Assets/Settings/SampleSceneProfile.asset using Guid(10fc4df2da32a41aaa32d77bc913491c) Importer(2089858483,3d70f49cd1c2eb9ae422958d1c652c6b) (ScriptedImporter) -> (artifact id: 'c8ec6498a0183b876e59069d88be69ea') in 0.0112115 seconds
Number of updated asset objects reloaded before import = 0Number of asset objects unloaded after import = 0

========================================================================
Received Import Request.
  Time since last request: 0.000028 seconds.
  path: Assets/Graphics/Animation/Walking.anim
  artifactKey: Guid(caa2415e13c90254d9b917a94e5846be) Importer(2089858483,192608db42251d675da83286b1cce702)
Start importing Assets/Graphics/Animation/Walking.anim using Guid(caa2415e13c90254d9b917a94e5846be) Importer(2089858483,192608db42251d675da83286b1cce702) (ScriptedImporter) -> (artifact id: '322dc8c4460965de74cebb02f1be3110') in 0.0276425 seconds
Number of updated asset objects reloaded before import = 0Number of asset objects unloaded after import = 1

========================================================================
Received Import Request.
  Time since last request: 0.000023 seconds.
  path: Assets/VarcanRex/LongSword/Scripts/SimpleRotate.cs
  artifactKey: Guid(2d4fe6e2fb7d25e4997119c3f58f711c) Importer(2089858483,192608db42251d675da83286b1cce702)
Start importing Assets/VarcanRex/LongSword/Scripts/SimpleRotate.cs using Guid(2d4fe6e2fb7d25e4997119c3f58f711c) Importer(2089858483,192608db42251d675da83286b1cce702) (ScriptedImporter) -> (artifact id: 'd1a9640a32ffaa7ae72e99aec4fe1df4') in 0.0124954 seconds
Number of updated asset objects reloaded before import = 0Number of asset objects unloaded after import = 0

========================================================================
Received Import Request.
  Time since last request: 0.000023 seconds.
  path: Assets/VarcanRex/LongSword/Textures/SwordA_v004_Default_Normal.png
  artifactKey: Guid(adce6857bb6dc974499b95693c5d6d2a) Importer(2089858483,192608db42251d675da83286b1cce702)
Start importing Assets/VarcanRex/LongSword/Textures/SwordA_v004_Default_Normal.png using Guid(adce6857bb6dc974499b95693c5d6d2a) Importer(2089858483,192608db42251d675da83286b1cce702) (ScriptedImporter) -> (artifact id: '9dead622e8029bdb29d326dc6569d40a') in 0.0405373 seconds
Number of updated asset objects reloaded before import = 0Number of asset objects unloaded after import = 1

========================================================================
Received Import Request.
  Time since last request: 0.000022 seconds.
  path: Assets/Graphics/Meterial/Ch33_body.mat
  artifactKey: Guid(d712f48bd65b87e4b94ca144dfe95ca8) Importer(2089858483,192608db42251d675da83286b1cce702)
Start importing Assets/Graphics/Meterial/Ch33_body.mat using Guid(d712f48bd65b87e4b94ca144dfe95ca8) Importer(2089858483,192608db42251d675da83286b1cce702) (ScriptedImporter) -> (artifact id: 'd682b3869dac22a300bf19c9ef1ca0e4') in 0.0463687 seconds
Number of updated asset objects reloaded before import = 0Number of asset objects unloaded after import = 3

========================================================================
Received Import Request.
  Time since last request: 0.000026 seconds.
  path: Assets/Graphics/Nightshade J Friedrich@Walking.fbx
  artifactKey: Guid(1984d862b40398d4fa6ad8b20718eb52) Importer(2089858483,192608db42251d675da83286b1cce702)
Start importing Assets/Graphics/Nightshade J Friedrich@Walking.fbx using Guid(1984d862b40398d4fa6ad8b20718eb52) Importer(2089858483,192608db42251d675da83286b1cce702) (ScriptedImporter) -> (artifact id: '6103d56440bbd270696b054a4739b208') in 0.0266239 seconds
Number of updated asset objects reloaded before import = 0Number of asset objects unloaded after import = 142

========================================================================
Received Import Request.
  Time since last request: 0.000026 seconds.
  path: Assets/_TerrainAutoUpgrade/layer_Sand_basecolorSand_normalb05780438ad4031.terrainlayer
  artifactKey: Guid(cb865e5f306e76440a548276dd559a44) Importer(2089858483,192608db42251d675da83286b1cce702)
Start importing Assets/_TerrainAutoUpgrade/layer_Sand_basecolorSand_normalb05780438ad4031.terrainlayer using Guid(cb865e5f306e76440a548276dd559a44) Importer(2089858483,192608db42251d675da83286b1cce702) (ScriptedImporter) -> (artifact id: '314525792c3ebceba25e28cb539bb16f') in 0.0271195 seconds
Number of updated asset objects reloaded before import = 0Number of asset objects unloaded after import = 1

========================================================================
Received Import Request.
  Time since last request: 0.000019 seconds.
  path: Assets/_TerrainAutoUpgrade/layer_rock_drock_nc907d37aeaae1eef.terrainlayer
  artifactKey: Guid(06dbde39b6fd36a498463d14ebbc9275) Importer(2089858483,192608db42251d675da83286b1cce702)
Start importing Assets/_TerrainAutoUpgrade/layer_rock_drock_nc907d37aeaae1eef.terrainlayer using Guid(06dbde39b6fd36a498463d14ebbc9275) Importer(2089858483,192608db42251d675da83286b1cce702) (ScriptedImporter) -> (artifact id: 'ddd69a0b7024f46bd087bed3b2a9ed3d') in 0.0226653 seconds
Number of updated asset objects reloaded before import = 0Number of asset objects unloaded after import = 1

========================================================================
Received Import Request.
  Time since last request: 0.000021 seconds.
  path: Assets/Graphics/Nightshade J Friedrich@Sword And Shield Slash (2).fbx
  artifactKey: Guid(7868fe196ac8926438fe97ef4814d491) Importer(2089858483,192608db42251d675da83286b1cce702)
Start importing Assets/Graphics/Nightshade J Friedrich@Sword And Shield Slash (2).fbx using Guid(7868fe196ac8926438fe97ef4814d491) Importer(2089858483,192608db42251d675da83286b1cce702) (ScriptedImporter) -> (artifact id: 'db4f7c5808893559d6873412051aeec8') in 0.0260918 seconds
Number of updated asset objects reloaded before import = 0Number of asset objects unloaded after import = 142

========================================================================
Received Import Request.
  Time since last request: 0.000064 seconds.
  path: Assets/Graphics/Textures/Ch33_1002_Normal.png
  artifactKey: Guid(0634a0e54f827bf4f8e881808a134db8) Importer(2089858483,192608db42251d675da83286b1cce702)
Start importing Assets/Graphics/Textures/Ch33_1002_Normal.png using Guid(0634a0e54f827bf4f8e881808a134db8) Importer(2089858483,192608db42251d675da83286b1cce702) (ScriptedImporter) -> (artifact id: 'ba49d3f4ae5ff88d1011f580499e705a') in 0.0290012 seconds
Number of updated asset objects reloaded before import = 0Number of asset objects unloaded after import = 1

========================================================================
Received Import Request.
  Time since last request: 0.000028 seconds.
  path: Assets/Graphics/Textures/Ch33_1001_Normal.png
  artifactKey: Guid(f548c6f72d3844a4985413e500122079) Importer(2089858483,192608db42251d675da83286b1cce702)
Start importing Assets/Graphics/Textures/Ch33_1001_Normal.png using Guid(f548c6f72d3844a4985413e500122079) Importer(2089858483,192608db42251d675da83286b1cce702) (ScriptedImporter) -> (artifact id: 'ddd08763772bb974397a7a871a64329e') in 0.0205971 seconds
Number of updated asset objects reloaded before import = 0Number of asset objects unloaded after import = 1

========================================================================
Received Import Request.
  Time since last request: 0.000031 seconds.
  path: Assets/_TerrainAutoUpgrade
  artifactKey: Guid(7214612156ce9fa44bdf3f6e073ae6b0) Importer(2089858483,192608db42251d675da83286b1cce702)
Start importing Assets/_TerrainAutoUpgrade using Guid(7214612156ce9fa44bdf3f6e073ae6b0) Importer(2089858483,192608db42251d675da83286b1cce702) (ScriptedImporter) -> (artifact id: '2ed19b38fe4fafea7368da45ac9a6276') in 0.0112019 seconds
Number of updated asset objects reloaded before import = 0Number of asset objects unloaded after import = 1

========================================================================
Received Import Request.
  Time since last request: 0.000024 seconds.
  path: Assets/AngeloMaN87/Prototype Map/Prefabs/PrototypeMap.prefab
  artifactKey: Guid(fc5a676d2c90b3d4f8a22e369c35950d) Importer(2089858483,3d70f49cd1c2eb9ae422958d1c652c6b)
Start importing Assets/AngeloMaN87/Prototype Map/Prefabs/PrototypeMap.prefab using Guid(fc5a676d2c90b3d4f8a22e369c35950d) Importer(2089858483,3d70f49cd1c2eb9ae422958d1c652c6b) (ScriptedImporter) -> (artifact id: '51d2a2e63659e3dc6ef4c35e94e4e945') in 0.0437101 seconds
Number of updated asset objects reloaded before import = 0Number of asset objects unloaded after import = 29

========================================================================
Received Import Request.
  Time since last request: 0.000024 seconds.
  path: Assets/Settings/PC_Renderer.asset
  artifactKey: Guid(f288ae1f4751b564a96ac7587541f7a2) Importer(2089858483,3d70f49cd1c2eb9ae422958d1c652c6b)
Start importing Assets/Settings/PC_Renderer.asset using Guid(f288ae1f4751b564a96ac7587541f7a2) Importer(2089858483,3d70f49cd1c2eb9ae422958d1c652c6b) (ScriptedImporter) -> (artifact id: 'b3591db56a6fa31309c6a01a8914581f') in 0.0158791 seconds
Number of updated asset objects reloaded before import = 0Number of asset objects unloaded after import = 0

========================================================================
Received Import Request.
  Time since last request: 0.000027 seconds.
  path: Assets/Graphics
  artifactKey: Guid(4708d331c3f1b0546ba9eb65f79b98f8) Importer(2089858483,192608db42251d675da83286b1cce702)
Start importing Assets/Graphics using Guid(4708d331c3f1b0546ba9eb65f79b98f8) Importer(2089858483,192608db42251d675da83286b1cce702) (ScriptedImporter) -> (artifact id: 'bd2240e70cc7718b319cc60e93da642f') in 0.0174187 seconds
Number of updated asset objects reloaded before import = 0Number of asset objects unloaded after import = 1

========================================================================
Received Import Request.
  Time since last request: 0.000035 seconds.
  path: Assets/Graphics/Animation/Running.anim
  artifactKey: Guid(dfa404ae69c5c154e9be075d57b3d152) Importer(2089858483,192608db42251d675da83286b1cce702)
Start importing Assets/Graphics/Animation/Running.anim using Guid(dfa404ae69c5c154e9be075d57b3d152) Importer(2089858483,192608db42251d675da83286b1cce702) (ScriptedImporter) -> (artifact id: 'e8e0217f4388b219bae8d22777ec40e4') in 0.0641012 seconds
Number of updated asset objects reloaded before import = 0Number of asset objects unloaded after import = 1

========================================================================
Received Import Request.
  Time since last request: 0.000025 seconds.
  path: Assets/Graphics/Textures/Nightshade_glow.png
  artifactKey: Guid(8de39851c085ff046823b452e09363df) Importer(2089858483,192608db42251d675da83286b1cce702)
Start importing Assets/Graphics/Textures/Nightshade_glow.png using Guid(8de39851c085ff046823b452e09363df) Importer(2089858483,192608db42251d675da83286b1cce702) (ScriptedImporter) -> (artifact id: '72458246a79c28f14ac3f126c09b3ae4') in 0.0286804 seconds
Number of updated asset objects reloaded before import = 0Number of asset objects unloaded after import = 1

========================================================================
Received Import Request.
  Time since last request: 0.000024 seconds.
  path: Assets/Graphics/Nightshade J Friedrich@Sword And Shield Slash.fbx
  artifactKey: Guid(25f123b18f004bf4f968ec48f6b6dae7) Importer(2089858483,192608db42251d675da83286b1cce702)
Start importing Assets/Graphics/Nightshade J Friedrich@Sword And Shield Slash.fbx using Guid(25f123b18f004bf4f968ec48f6b6dae7) Importer(2089858483,192608db42251d675da83286b1cce702) (ScriptedImporter) -> (artifact id: 'c4469574b06f27fbee61fff003a3af0b') in 0.0409707 seconds
Number of updated asset objects reloaded before import = 0Number of asset objects unloaded after import = 142

========================================================================
Received Import Request.
  Time since last request: 0.000027 seconds.
  path: Assets/VarcanRex/LongSword/Scripts
  artifactKey: Guid(6fee577a9245c9b468d2ad7d8872edc2) Importer(2089858483,192608db42251d675da83286b1cce702)
Start importing Assets/VarcanRex/LongSword/Scripts using Guid(6fee577a9245c9b468d2ad7d8872edc2) Importer(2089858483,192608db42251d675da83286b1cce702) (ScriptedImporter) -> (artifact id: 'a27292c7149b065c7dde24fe1bb6987a') in 0.0158567 seconds
Number of updated asset objects reloaded before import = 0Number of asset objects unloaded after import = 1

========================================================================
Received Import Request.
  Time since last request: 0.000052 seconds.
  path: Assets/Graphics/Nightshade J Friedrich@Idle.fbx
  artifactKey: Guid(6f2263d575b348d4b9f7e0e147fe65d3) Importer(2089858483,192608db42251d675da83286b1cce702)
Start importing Assets/Graphics/Nightshade J Friedrich@Idle.fbx using Guid(6f2263d575b348d4b9f7e0e147fe65d3) Importer(2089858483,192608db42251d675da83286b1cce702) (ScriptedImporter) -> (artifact id: '6c4df30b897ae7c3cbb51d95219068ad') in 0.0402757 seconds
Number of updated asset objects reloaded before import = 0Number of asset objects unloaded after import = 142

========================================================================
Received Import Request.
  Time since last request: 0.000023 seconds.
  path: Assets/VarcanRex/LongSword/Meshes
  artifactKey: Guid(22ae89b3da4117d4891bdc023f7399bb) Importer(2089858483,192608db42251d675da83286b1cce702)
Start importing Assets/VarcanRex/LongSword/Meshes using Guid(22ae89b3da4117d4891bdc023f7399bb) Importer(2089858483,192608db42251d675da83286b1cce702) (ScriptedImporter) -> (artifact id: '6a6f199cdae8ea252e190bc20ade76b2') in 0.0137118 seconds
Number of updated asset objects reloaded before import = 0Number of asset objects unloaded after import = 1

========================================================================
Received Import Request.
  Time since last request: 0.000021 seconds.
  path: Assets/VarcanRex/LongSword/Scenes/LongSword.unity
  artifactKey: Guid(864831e92ae7f8f4fa7ca4e249443a27) Importer(2089858483,192608db42251d675da83286b1cce702)
Start importing Assets/VarcanRex/LongSword/Scenes/LongSword.unity using Guid(864831e92ae7f8f4fa7ca4e249443a27) Importer(2089858483,192608db42251d675da83286b1cce702) (ScriptedImporter) -> (artifact id: '4ad5b4878d605bc27c3e43bd71c0a973') in 0.0140933 seconds
Number of updated asset objects reloaded before import = 0Number of asset objects unloaded after import = 1

========================================================================
Received Import Request.
  Time since last request: 0.000026 seconds.
  path: Assets/VarcanRex/LongSword/Prefabs/LongSword.prefab
  artifactKey: Guid(edccbf15fadd9704cb7a2020a492b120) Importer(2089858483,192608db42251d675da83286b1cce702)
Start importing Assets/VarcanRex/LongSword/Prefabs/LongSword.prefab using Guid(edccbf15fadd9704cb7a2020a492b120) Importer(2089858483,192608db42251d675da83286b1cce702) (ScriptedImporter) -> (artifact id: '969677993c5f34c45d9ce9aa05a0d45b') in 0.0251848 seconds
Number of updated asset objects reloaded before import = 0Number of asset objects unloaded after import = 11

========================================================================
Received Import Request.
  Time since last request: 0.000036 seconds.
  path: Assets/VarcanRex/LongSword/Materials
  artifactKey: Guid(e93caf213c9c9dd4f9f5483ab69d597a) Importer(2089858483,192608db42251d675da83286b1cce702)
Start importing Assets/VarcanRex/LongSword/Materials using Guid(e93caf213c9c9dd4f9f5483ab69d597a) Importer(2089858483,192608db42251d675da83286b1cce702) (ScriptedImporter) -> (artifact id: 'fd159249c04a91e69ab025af808ea873') in 0.0357588 seconds
Number of updated asset objects reloaded before import = 0Number of asset objects unloaded after import = 1

========================================================================
Received Import Request.
  Time since last request: 0.000032 seconds.
  path: Assets/_TerrainAutoUpgrade/layer_snow_albedosnow_normalb05780438ad4031.terrainlayer
  artifactKey: Guid(8b1738a40428a6e4ab868fa2485ba1e9) Importer(2089858483,192608db42251d675da83286b1cce702)
Start importing Assets/_TerrainAutoUpgrade/layer_snow_albedosnow_normalb05780438ad4031.terrainlayer using Guid(8b1738a40428a6e4ab868fa2485ba1e9) Importer(2089858483,192608db42251d675da83286b1cce702) (ScriptedImporter) -> (artifact id: '9857fdb7523020212136905e9129af3f') in 0.054839 seconds
Number of updated asset objects reloaded before import = 0Number of asset objects unloaded after import = 1

========================================================================
Received Import Request.
  Time since last request: 0.000025 seconds.
  path: Assets/_TerrainAutoUpgrade/layer_Sand_basecolorSand_normalcc0f254a2c535401.terrainlayer
  artifactKey: Guid(af5546a7d4b0c744bad2a2972c50d70f) Importer(2089858483,192608db42251d675da83286b1cce702)
Start importing Assets/_TerrainAutoUpgrade/layer_Sand_basecolorSand_normalcc0f254a2c535401.terrainlayer using Guid(af5546a7d4b0c744bad2a2972c50d70f) Importer(2089858483,192608db42251d675da83286b1cce702) (ScriptedImporter) -> (artifact id: '4564a1c07a3843fd0f1cb2d74513770a') in 0.0460723 seconds
Number of updated asset objects reloaded before import = 0Number of asset objects unloaded after import = 1

========================================================================
Received Import Request.
  Time since last request: 0.000049 seconds.
  path: Assets/Graphics/Textures/Nightshade_specular.png
  artifactKey: Guid(b7a318612c1899e43bee720d4c052099) Importer(2089858483,192608db42251d675da83286b1cce702)
Start importing Assets/Graphics/Textures/Nightshade_specular.png using Guid(b7a318612c1899e43bee720d4c052099) Importer(2089858483,192608db42251d675da83286b1cce702) (ScriptedImporter) -> (artifact id: '3e0f301d708ec99b74eab0da68561194') in 0.0633837 seconds
Number of updated asset objects reloaded before import = 0Number of asset objects unloaded after import = 1

========================================================================
Received Import Request.
  Time since last request: 0.000033 seconds.
  path: Assets/VarcanRex/LongSword/Textures/SwordA_v004_Default_MetallicSmoothness.png
  artifactKey: Guid(d555ef23f1858cc42b9031c39180ffa2) Importer(2089858483,192608db42251d675da83286b1cce702)
Start importing Assets/VarcanRex/LongSword/Textures/SwordA_v004_Default_MetallicSmoothness.png using Guid(d555ef23f1858cc42b9031c39180ffa2) Importer(2089858483,192608db42251d675da83286b1cce702) (ScriptedImporter) -> (artifact id: '1e20869adeb751255b7c5976aa0086f9') in 0.0440924 seconds
Number of updated asset objects reloaded before import = 0Number of asset objects unloaded after import = 1

========================================================================
Received Import Request.
  Time since last request: 0.000026 seconds.
  path: Assets/VarcanRex/LongSword/Scenes
  artifactKey: Guid(f9566db13997bb548bb1493e8c290cc7) Importer(2089858483,192608db42251d675da83286b1cce702)
Start importing Assets/VarcanRex/LongSword/Scenes using Guid(f9566db13997bb548bb1493e8c290cc7) Importer(2089858483,192608db42251d675da83286b1cce702) (ScriptedImporter) -> (artifact id: '4152b34f5f97b008384b57ef17ec53b0') in 0.0245845 seconds
Number of updated asset objects reloaded before import = 0Number of asset objects unloaded after import = 1

========================================================================
Received Import Request.
  Time since last request: 0.000027 seconds.
  path: Assets/Graphics/Textures/Ch33_1002_Diffuse.png
  artifactKey: Guid(6c8fb9da8a2e5e1468cb66d22715508f) Importer(2089858483,192608db42251d675da83286b1cce702)
Start importing Assets/Graphics/Textures/Ch33_1002_Diffuse.png using Guid(6c8fb9da8a2e5e1468cb66d22715508f) Importer(2089858483,192608db42251d675da83286b1cce702) (ScriptedImporter) -> (artifact id: 'b64402e193f7300e2c952264754af26c') in 0.0905924 seconds
Number of updated asset objects reloaded before import = 0Number of asset objects unloaded after import = 1

========================================================================
Received Import Request.
  Time since last request: 0.000051 seconds.
  path: Assets/Scenes/SampleScene.unity
  artifactKey: Guid(99c9720ab356a0642a771bea13969a05) Importer(2089858483,3d70f49cd1c2eb9ae422958d1c652c6b)
Start importing Assets/Scenes/SampleScene.unity using Guid(99c9720ab356a0642a771bea13969a05) Importer(2089858483,3d70f49cd1c2eb9ae422958d1c652c6b) (ScriptedImporter)Opening scene 'Assets/Scenes/SampleScene.unity additively'
Loaded scene 'Assets/Scenes/SampleScene.unity'
	Deserialize:            13.250 ms
	Integration:            3.552 ms
	Integration of assets:  0.004 ms
	Thread Wait Time:       0.097 ms
	Total Operation Time:   16.903 ms
 -> (artifact id: '4cbaac21609b9401282e05abc076dacb') in 0.0378689 seconds
Number of updated asset objects reloaded before import = 0Number of asset objects unloaded after import = 1

========================================================================
Received Import Request.
  Time since last request: 0.000035 seconds.
  path: Assets/Graphics/Textures/Ch33_1001_Specular.png
  artifactKey: Guid(08f3244e17d553c4da41744ea7fb5e17) Importer(2089858483,192608db42251d675da83286b1cce702)
Start importing Assets/Graphics/Textures/Ch33_1001_Specular.png using Guid(08f3244e17d553c4da41744ea7fb5e17) Importer(2089858483,192608db42251d675da83286b1cce702) (ScriptedImporter) -> (artifact id: '2874870fc312592891307a816e628838') in 0.0429521 seconds
Number of updated asset objects reloaded before import = 0Number of asset objects unloaded after import = 1

========================================================================
Received Import Request.
  Time since last request: 0.000030 seconds.
  path: Assets/VarcanRex
  artifactKey: Guid(4e593c7d9f799954687e92097b1c9d90) Importer(2089858483,192608db42251d675da83286b1cce702)
Start importing Assets/VarcanRex using Guid(4e593c7d9f799954687e92097b1c9d90) Importer(2089858483,192608db42251d675da83286b1cce702) (ScriptedImporter) -> (artifact id: 'fd6ef05b15be2630a9ba7ea028a1e871') in 0.0170379 seconds
Number of updated asset objects reloaded before import = 0Number of asset objects unloaded after import = 1

========================================================================
Received Import Request.
  Time since last request: 0.000099 seconds.
  path: Assets/Scripts/Player/PlayerController.cs
  artifactKey: Guid(4bb50549409075149a29739f4313f738) Importer(2089858483,192608db42251d675da83286b1cce702)
Start importing Assets/Scripts/Player/PlayerController.cs using Guid(4bb50549409075149a29739f4313f738) Importer(2089858483,192608db42251d675da83286b1cce702) (ScriptedImporter) -> (artifact id: '8e6d65126a1e62d5616788ddbfda7503') in 0.1105311 seconds
Number of updated asset objects reloaded before import = 0Number of asset objects unloaded after import = 0

========================================================================
Received Import Request.
  Time since last request: 0.000027 seconds.
  path: Assets/VarcanRex/LongSword/Scenes/LongSword.unity
  artifactKey: Guid(864831e92ae7f8f4fa7ca4e249443a27) Importer(2089858483,3d70f49cd1c2eb9ae422958d1c652c6b)
Start importing Assets/VarcanRex/LongSword/Scenes/LongSword.unity using Guid(864831e92ae7f8f4fa7ca4e249443a27) Importer(2089858483,3d70f49cd1c2eb9ae422958d1c652c6b) (ScriptedImporter)Opening scene 'Assets/VarcanRex/LongSword/Scenes/LongSword.unity additively'
Loaded scene 'Assets/VarcanRex/LongSword/Scenes/LongSword.unity'
	Deserialize:            1.344 ms
	Integration:            2.930 ms
	Integration of assets:  0.001 ms
	Thread Wait Time:       0.042 ms
	Total Operation Time:   4.317 ms
 -> (artifact id: '68718ffc9ff0efe8ae0064eb9f78c82c') in 0.019198 seconds
Number of updated asset objects reloaded before import = 0Number of asset objects unloaded after import = 14

========================================================================
Received Import Request.
  Time since last request: 0.000032 seconds.
  path: Assets/VarcanRex/LongSword
  artifactKey: Guid(bc10cee795c353145888f624472b3998) Importer(2089858483,192608db42251d675da83286b1cce702)
Start importing Assets/VarcanRex/LongSword using Guid(bc10cee795c353145888f624472b3998) Importer(2089858483,192608db42251d675da83286b1cce702) (ScriptedImporter) -> (artifact id: 'b44fcfe686008e79eb281b5f873e81d7') in 0.0499397 seconds
Number of updated asset objects reloaded before import = 0Number of asset objects unloaded after import = 1

========================================================================
Received Import Request.
  Time since last request: 0.000035 seconds.
  path: Assets/Graphics/Ch33_nonPBR.fbx
  artifactKey: Guid(7828fecab81ae384c93ca0255581d489) Importer(2089858483,192608db42251d675da83286b1cce702)
Start importing Assets/Graphics/Ch33_nonPBR.fbx using Guid(7828fecab81ae384c93ca0255581d489) Importer(2089858483,192608db42251d675da83286b1cce702) (ScriptedImporter) -> (artifact id: '1ec1be8e2f52c1670bf2575d01138e10') in 0.2460206 seconds
Number of updated asset objects reloaded before import = 0Number of asset objects unloaded after import = 171

========================================================================
Received Import Request.
  Time since last request: 0.000030 seconds.
  path: Assets/Graphics/Animation/Sword And Shield Slash.anim
  artifactKey: Guid(7b3d16c80007c3042aa4c5f480cd87f1) Importer(2089858483,192608db42251d675da83286b1cce702)
Start importing Assets/Graphics/Animation/Sword And Shield Slash.anim using Guid(7b3d16c80007c3042aa4c5f480cd87f1) Importer(2089858483,192608db42251d675da83286b1cce702) (ScriptedImporter) -> (artifact id: 'ef5e9c60580edd36ed5ead9de66f7564') in 0.0249832 seconds
Number of updated asset objects reloaded before import = 0Number of asset objects unloaded after import = 1

========================================================================
Received Import Request.
  Time since last request: 0.000039 seconds.
  path: Assets/VarcanRex/LongSword/Prefabs
  artifactKey: Guid(80c791eee64ac8b40a671981ec01d9e7) Importer(2089858483,192608db42251d675da83286b1cce702)
Start importing Assets/VarcanRex/LongSword/Prefabs using Guid(80c791eee64ac8b40a671981ec01d9e7) Importer(2089858483,192608db42251d675da83286b1cce702) (ScriptedImporter) -> (artifact id: 'f64a646f135bdb3375e66585264bb835') in 0.0121925 seconds
Number of updated asset objects reloaded before import = 0Number of asset objects unloaded after import = 1

========================================================================
Received Import Request.
  Time since last request: 0.000027 seconds.
  path: Assets/Graphics/Meterial
  artifactKey: Guid(a660e49adab07bd4c8bd4378202ee189) Importer(2089858483,192608db42251d675da83286b1cce702)
Start importing Assets/Graphics/Meterial using Guid(a660e49adab07bd4c8bd4378202ee189) Importer(2089858483,192608db42251d675da83286b1cce702) (ScriptedImporter) -> (artifact id: '43515b31fb185886402f45c1e0c6d739') in 0.0099439 seconds
Number of updated asset objects reloaded before import = 0Number of asset objects unloaded after import = 1

========================================================================
Received Import Request.
  Time since last request: 0.000027 seconds.
  path: Assets/Graphics/Animation/Idle.anim
  artifactKey: Guid(1d736f5347aa0e543904d1cb48f8accf) Importer(2089858483,192608db42251d675da83286b1cce702)
Start importing Assets/Graphics/Animation/Idle.anim using Guid(1d736f5347aa0e543904d1cb48f8accf) Importer(2089858483,192608db42251d675da83286b1cce702) (ScriptedImporter) -> (artifact id: '9299bad4417e8e28f7045595e88bf610') in 0.0160214 seconds
Number of updated asset objects reloaded before import = 0Number of asset objects unloaded after import = 1

========================================================================
Received Import Request.
  Time since last request: 0.000025 seconds.
  path: Assets/Settings/PC_RPAsset.asset
  artifactKey: Guid(4b83569d67af61e458304325a23e5dfd) Importer(2089858483,3d70f49cd1c2eb9ae422958d1c652c6b)
Start importing Assets/Settings/PC_RPAsset.asset using Guid(4b83569d67af61e458304325a23e5dfd) Importer(2089858483,3d70f49cd1c2eb9ae422958d1c652c6b) (ScriptedImporter) -> (artifact id: 'fcf6ee39cd0302ae1da00bbaed98efe1') in 0.0116105 seconds
Number of updated asset objects reloaded before import = 0Number of asset objects unloaded after import = 0

========================================================================
Received Import Request.
  Time since last request: 0.000026 seconds.
  path: Assets/Graphics/Textures/Ch33_1001_Diffuse.png
  artifactKey: Guid(8af1ec17821e27049854548efdeeabd7) Importer(2089858483,192608db42251d675da83286b1cce702)
Start importing Assets/Graphics/Textures/Ch33_1001_Diffuse.png using Guid(8af1ec17821e27049854548efdeeabd7) Importer(2089858483,192608db42251d675da83286b1cce702) (ScriptedImporter) -> (artifact id: 'a3b983c7cbb619a82b2a4c26e99e4ac6') in 0.0199841 seconds
Number of updated asset objects reloaded before import = 0Number of asset objects unloaded after import = 1

========================================================================
Received Import Request.
  Time since last request: 0.000026 seconds.
  path: Assets/Scripts/CameraController.cs
  artifactKey: Guid(df3bb7addc8f2154ba2f1be9a1a2502c) Importer(2089858483,192608db42251d675da83286b1cce702)
Start importing Assets/Scripts/CameraController.cs using Guid(df3bb7addc8f2154ba2f1be9a1a2502c) Importer(2089858483,192608db42251d675da83286b1cce702) (ScriptedImporter) -> (artifact id: 'f621058d19c226c832eec956fa0ba9b2') in 0.0110941 seconds
Number of updated asset objects reloaded before import = 0Number of asset objects unloaded after import = 0

========================================================================
Received Import Request.
  Time since last request: 0.000035 seconds.
  path: Assets/Scenes/Game.unity
  artifactKey: Guid(5060735682540834495968fee07c04be) Importer(2089858483,192608db42251d675da83286b1cce702)
Start importing Assets/Scenes/Game.unity using Guid(5060735682540834495968fee07c04be) Importer(2089858483,192608db42251d675da83286b1cce702) (ScriptedImporter) -> (artifact id: '5bf6a1186a2349789887d10c9e0f1808') in 0.0136879 seconds
Number of updated asset objects reloaded before import = 0Number of asset objects unloaded after import = 1

========================================================================
Received Import Request.
  Time since last request: 0.000020 seconds.
  path: Assets/VarcanRex/LongSword/Materials/LongSword.mat
  artifactKey: Guid(d74c845b50fe2d143a78ac219b3efc08) Importer(2089858483,192608db42251d675da83286b1cce702)
Start importing Assets/VarcanRex/LongSword/Materials/LongSword.mat using Guid(d74c845b50fe2d143a78ac219b3efc08) Importer(2089858483,192608db42251d675da83286b1cce702) (ScriptedImporter) -> (artifact id: 'ffe4a0e40e2c5ba6b0504bb6da6ee880') in 0.0707675 seconds
Number of updated asset objects reloaded before import = 0Number of asset objects unloaded after import = 5

========================================================================
Received Import Request.
  Time since last request: 0.000022 seconds.
  path: Assets/Graphics/Meterial/Ch33_hair.mat
  artifactKey: Guid(ae346f068be24e4468c0459032ebe11a) Importer(2089858483,192608db42251d675da83286b1cce702)
Start importing Assets/Graphics/Meterial/Ch33_hair.mat using Guid(ae346f068be24e4468c0459032ebe11a) Importer(2089858483,192608db42251d675da83286b1cce702) (ScriptedImporter) -> (artifact id: '548a1079d9fb3ee85b29440fef423343') in 0.1720198 seconds
Number of updated asset objects reloaded before import = 0Number of asset objects unloaded after import = 3

========================================================================
Received Import Request.
  Time since last request: 0.000024 seconds.
  path: Assets/VarcanRex/LongSword/Textures/SwordA_v004_Default_AlbedoTransparency.png
  artifactKey: Guid(1ca9fdd0024adb34cb067ec4a81d3715) Importer(2089858483,192608db42251d675da83286b1cce702)
Start importing Assets/VarcanRex/LongSword/Textures/SwordA_v004_Default_AlbedoTransparency.png using Guid(1ca9fdd0024adb34cb067ec4a81d3715) Importer(2089858483,192608db42251d675da83286b1cce702) (ScriptedImporter) -> (artifact id: 'dab41953b839074f2842e20983477902') in 0.1507961 seconds
Number of updated asset objects reloaded before import = 0Number of asset objects unloaded after import = 1

========================================================================
Received Import Request.
  Time since last request: 0.000031 seconds.
  path: Assets/Scripts/CombatSystem
  artifactKey: Guid(1040a355236a61e458376baa42ef5314) Importer(2089858483,192608db42251d675da83286b1cce702)
Start importing Assets/Scripts/CombatSystem using Guid(1040a355236a61e458376baa42ef5314) Importer(2089858483,192608db42251d675da83286b1cce702) (ScriptedImporter) -> (artifact id: 'd5d78b5e36453d5dcc5c439aa4abab73') in 0.0286876 seconds
Number of updated asset objects reloaded before import = 0Number of asset objects unloaded after import = 1

========================================================================
Received Import Request.
  Time since last request: 0.000025 seconds.
  path: Assets/VarcanRex/LongSword/Textures/SwordA_v004_Default_Emission.png
  artifactKey: Guid(fad6df07505a81c42b20a54ee23c7ae8) Importer(2089858483,192608db42251d675da83286b1cce702)
Start importing Assets/VarcanRex/LongSword/Textures/SwordA_v004_Default_Emission.png using Guid(fad6df07505a81c42b20a54ee23c7ae8) Importer(2089858483,192608db42251d675da83286b1cce702) (ScriptedImporter) -> (artifact id: 'd4d3f12ebafbb2f8cb7bce8d385ea33c') in 0.076363 seconds
Number of updated asset objects reloaded before import = 0Number of asset objects unloaded after import = 1

========================================================================
Received Import Request.
  Time since last request: 0.000055 seconds.
  path: Assets/Scripts/Player
  artifactKey: Guid(78a137d199b90f9449418703468d5b17) Importer(2089858483,192608db42251d675da83286b1cce702)
Start importing Assets/Scripts/Player using Guid(78a137d199b90f9449418703468d5b17) Importer(2089858483,192608db42251d675da83286b1cce702) (ScriptedImporter) -> (artifact id: 'c75da950a00b2e5861f69e56cbda3dfa') in 0.025308 seconds
Number of updated asset objects reloaded before import = 0Number of asset objects unloaded after import = 1

========================================================================
Received Import Request.
  Time since last request: 0.000031 seconds.
  path: Assets/VarcanRex/LongSword/Meshes/LongSword.obj
  artifactKey: Guid(9c9f65c1284b22247bafd1ebc8dbb632) Importer(2089858483,192608db42251d675da83286b1cce702)
Start importing Assets/VarcanRex/LongSword/Meshes/LongSword.obj using Guid(9c9f65c1284b22247bafd1ebc8dbb632) Importer(2089858483,192608db42251d675da83286b1cce702) (ScriptedImporter) -> (artifact id: 'e95f0f561e79a83d200d72a776256eab') in 0.0509379 seconds
Number of updated asset objects reloaded before import = 0Number of asset objects unloaded after import = 10

========================================================================
Received Import Request.
  Time since last request: 0.000032 seconds.
  path: Assets/VarcanRex/LongSword/Prefabs/LongSword.prefab
  artifactKey: Guid(edccbf15fadd9704cb7a2020a492b120) Importer(2089858483,3d70f49cd1c2eb9ae422958d1c652c6b)
Start importing Assets/VarcanRex/LongSword/Prefabs/LongSword.prefab using Guid(edccbf15fadd9704cb7a2020a492b120) Importer(2089858483,3d70f49cd1c2eb9ae422958d1c652c6b) (ScriptedImporter) -> (artifact id: '4f9ad656dc139fc938ec6442a4228478') in 0.0139458 seconds
Number of updated asset objects reloaded before import = 0Number of asset objects unloaded after import = 12

========================================================================
Received Import Request.
  Time since last request: 0.000023 seconds.
  path: Assets/Graphics/Meterial/Nightshade_MAT.mat
  artifactKey: Guid(4c64f7ab5b948e0478e278feeb37933f) Importer(2089858483,192608db42251d675da83286b1cce702)
Start importing Assets/Graphics/Meterial/Nightshade_MAT.mat using Guid(4c64f7ab5b948e0478e278feeb37933f) Importer(2089858483,192608db42251d675da83286b1cce702) (ScriptedImporter) -> (artifact id: '174dd85f21f132355631e3068bda2abf') in 0.0441561 seconds
Number of updated asset objects reloaded before import = 0Number of asset objects unloaded after import = 4

========================================================================
Received Import Request.
  Time since last request: 0.000026 seconds.
  path: Assets/Graphics/Textures/Nightshade_normal.png
  artifactKey: Guid(604f01130740d1043abcecc0727eb5e2) Importer(2089858483,192608db42251d675da83286b1cce702)
Start importing Assets/Graphics/Textures/Nightshade_normal.png using Guid(604f01130740d1043abcecc0727eb5e2) Importer(2089858483,192608db42251d675da83286b1cce702) (ScriptedImporter) -> (artifact id: '4286deea54de1b31b944254f25c6e3cb') in 0.0208364 seconds
Number of updated asset objects reloaded before import = 0Number of asset objects unloaded after import = 1

========================================================================
Received Import Request.
  Time since last request: 0.000022 seconds.
  path: Assets/Graphics/Textures/Ch33_1001_Glossiness.png
  artifactKey: Guid(fcadabf0b38f61c498427dd8d74bd426) Importer(2089858483,192608db42251d675da83286b1cce702)
Start importing Assets/Graphics/Textures/Ch33_1001_Glossiness.png using Guid(fcadabf0b38f61c498427dd8d74bd426) Importer(2089858483,192608db42251d675da83286b1cce702) (ScriptedImporter) -> (artifact id: '8fbf22fec407292546a4be40848b411f') in 0.0253769 seconds
Number of updated asset objects reloaded before import = 0Number of asset objects unloaded after import = 1

========================================================================
Received Import Request.
  Time since last request: 0.000025 seconds.
  path: Assets/Graphics/Textures/Nightshade_diffuse.png
  artifactKey: Guid(de88d75bdfc83104795498719ee4cc7b) Importer(2089858483,192608db42251d675da83286b1cce702)
Start importing Assets/Graphics/Textures/Nightshade_diffuse.png using Guid(de88d75bdfc83104795498719ee4cc7b) Importer(2089858483,192608db42251d675da83286b1cce702) (ScriptedImporter) -> (artifact id: '94b051f82e974cbc16ac07fe92306d54') in 0.0233682 seconds
Number of updated asset objects reloaded before import = 0Number of asset objects unloaded after import = 1

========================================================================
Received Import Request.
  Time since last request: 0.000032 seconds.
  path: Assets/_TerrainAutoUpgrade/layer_rock_drock_n3d1cca0d6d0e9938.terrainlayer
  artifactKey: Guid(214d904baac2390468f4f37051faf958) Importer(2089858483,192608db42251d675da83286b1cce702)
Start importing Assets/_TerrainAutoUpgrade/layer_rock_drock_n3d1cca0d6d0e9938.terrainlayer using Guid(214d904baac2390468f4f37051faf958) Importer(2089858483,192608db42251d675da83286b1cce702) (ScriptedImporter) -> (artifact id: '9d9e5523d264bfe2b2635a152aaae4c6') in 0.0202839 seconds
Number of updated asset objects reloaded before import = 0Number of asset objects unloaded after import = 1

Editor requested this worker to shutdown with reason: balancing worker count downwards
AssetImportWorker is now disconnected from the server
Process exiting
Exiting without the bug reporter. Application will terminate with return code 0