{"cameraMode":{"drawMode":0,"name":"Shaded","section":"Shading Mode"},"sceneLighting":true,"audioPlay":false,"sceneViewState":{"m_AlwaysRefresh":false,"showFog":true,"showSkybox":true,"showFlares":true,"showImageEffects":true,"showParticleSystems":true,"showVisualEffectGraphs":true,"m_FxEnabled":true},"in2DMode":false,"pivot":{"x":1.9608097076416016,"y":-10.283571243286133,"z":0.6503187417984009},"rotation":{"x":0.29936203360557558,"y":0.6369733214378357,"z":-0.2950746715068817,"w":0.6462388038635254},"size":12.12435531616211,"orthographic":false}