Using pre-set license
Built from '6000.1/staging' branch; Version is '6000.1.4f1 (03270eb687c6) revision 206606'; Using compiler version '194234433'; Build Type 'Release'
OS: 'Windows 11  (10.0.26100) 64bit Professional' Language: 'ko' Physical Memory: 32397 MB
BatchMode: 1, IsHumanControllingUs: 0, StartBugReporterOnCrash: 0, Is64bit: 1, IsPro: 1
Date: 2025-05-28T04:11:15Z

COMMAND LINE ARGUMENTS:
C:\Program Files\Unity\Hub\Editor\6000.1.4f1\Editor\Unity.exe
-adb2
-batchMode
-noUpm
-name
AssetImportWorker0
-projectPath
C:/Users/asdgh/OneDrive/바탕 화면/Study/UnityStudy/HyperCasualGame_Mini_01
-logFile
Logs/AssetImportWorker0.log
-srvPort
50114
-job-worker-count
5
-background-job-worker-count
8
-gc-helper-count
1
-name
AssetImport
Successfully changed project path to: C:/Users/asdgh/OneDrive/바탕 화면/Study/UnityStudy/HyperCasualGame_Mini_01
C:/Users/asdgh/OneDrive/바탕 화면/Study/UnityStudy/HyperCasualGame_Mini_01
[UnityMemory] Configuration Parameters - Can be set up in boot.config
    "memorysetup-allocator-temp-initial-block-size-main=262144"
    "memorysetup-allocator-temp-initial-block-size-worker=262144"
    "memorysetup-bucket-allocator-granularity=16"
    "memorysetup-bucket-allocator-bucket-count=8"
    "memorysetup-bucket-allocator-block-size=33554432"
    "memorysetup-bucket-allocator-block-count=8"
    "memorysetup-main-allocator-block-size=16777216"
    "memorysetup-thread-allocator-block-size=16777216"
    "memorysetup-gfx-main-allocator-block-size=16777216"
    "memorysetup-gfx-thread-allocator-block-size=16777216"
    "memorysetup-cache-allocator-block-size=4194304"
    "memorysetup-typetree-allocator-block-size=2097152"
    "memorysetup-profiler-bucket-allocator-granularity=16"
    "memorysetup-profiler-bucket-allocator-bucket-count=8"
    "memorysetup-profiler-bucket-allocator-block-size=33554432"
    "memorysetup-profiler-bucket-allocator-block-count=8"
    "memorysetup-profiler-allocator-block-size=16777216"
    "memorysetup-profiler-editor-allocator-block-size=1048576"
    "memorysetup-temp-allocator-size-main=16777216"
    "memorysetup-job-temp-allocator-block-size=2097152"
    "memorysetup-job-temp-allocator-block-size-background=1048576"
    "memorysetup-job-temp-allocator-reduction-small-platforms=262144"
    "memorysetup-temp-allocator-size-background-worker=32768"
    "memorysetup-temp-allocator-size-job-worker=262144"
    "memorysetup-temp-allocator-size-preload-manager=33554432"
    "memorysetup-temp-allocator-size-nav-mesh-worker=65536"
    "memorysetup-temp-allocator-size-audio-worker=65536"
    "memorysetup-temp-allocator-size-cloud-worker=32768"
    "memorysetup-temp-allocator-size-gi-baking-worker=262144"
    "memorysetup-temp-allocator-size-gi-baking-worker=262144"
    "memorysetup-temp-allocator-size-gi-baking-worker=262144"
    "memorysetup-temp-allocator-size-gi-baking-worker=262144"
    "memorysetup-temp-allocator-size-gi-baking-worker=262144"
    "memorysetup-temp-allocator-size-gfx=262144"
Player connection [820]  Target information:

Player connection [820]  * "[IP] 221.156.243.97 [Port] 0 [Flags] 2 [Guid] 2537901092 [EditorId] 2537901092 [Version] 1048832 [Id] WindowsEditor(7,SangWon) [Debug] 1 [PackageName] WindowsEditor [ProjectName] Editor" 

Player connection [820] Host joined multi-casting on [225.0.0.222:54997]...
Player connection [820] Host joined alternative multi-casting on [225.0.0.222:34997]...
JobSystem: Creating JobQueue using job-worker-count value 5
Input System module state changed to: Initialized.
[Physics::Module] Initialized fallback backend.
[Physics::Module] Id: 0xdecafbad
Library Redirect Path: Library/
[Physics::Module] Selected backend.
[Physics::Module] Name: PhysX
[Physics::Module] Id: 0xf2b8ea05
[Physics::Module] SDK Version: 4.1.2
[Physics::Module] Integration Version: 1.0.0
[Physics::Module] Threading Mode: Multi-Threaded
Refreshing native plugins compatible for Editor in 3.73 ms, found 4 plugins.
Preloading 0 native plugins for Editor in 0.00 ms.
Initialize engine version: 6000.1.4f1 (03270eb687c6)
[Subsystems] Discovering subsystems at path C:/Program Files/Unity/Hub/Editor/6000.1.4f1/Editor/Data/Resources/UnitySubsystems
[Subsystems] Discovering subsystems at path C:/Users/asdgh/OneDrive/바탕 화면/Study/UnityStudy/HyperCasualGame_Mini_01/Assets
GfxDevice: creating device client; kGfxThreadingModeNonThreaded
Direct3D:
    Version:         Direct3D 12 [level 12.1]
    Renderer:        NVIDIA GeForce RTX 4060 Ti (ID=0x2803)
    Vendor:          NVIDIA
    VRAM:            7949 MB
    App VRAM Budget: 7181 MB
    Driver:          32.0.15.6636
Initialize mono
Mono path[0] = 'C:/Program Files/Unity/Hub/Editor/6000.1.4f1/Editor/Data/Managed'
Mono path[1] = 'C:/Program Files/Unity/Hub/Editor/6000.1.4f1/Editor/Data/MonoBleedingEdge/lib/mono/unityjit-win32'
Mono config path = 'C:/Program Files/Unity/Hub/Editor/6000.1.4f1/Editor/Data/MonoBleedingEdge/etc'
Using monoOptions --debugger-agent=transport=dt_socket,embedding=1,server=y,suspend=n,address=127.0.0.1:56628
Begin MonoManager ReloadAssembly
Registering precompiled unity dll's ...
Register platform support module: C:/Program Files/Unity/Hub/Editor/6000.1.4f1/Editor/Data/PlaybackEngines/WindowsStandaloneSupport/UnityEditor.WindowsStandalone.Extensions.dll
Register platform support module: C:/Program Files/Unity/Hub/Editor/6000.1.4f1/Editor/Data/PlaybackEngines/MetroSupport/UnityEditor.UWP.Extensions.dll
Register platform support module: C:/Program Files/Unity/Hub/Editor/6000.1.4f1/Editor/Data/PlaybackEngines/AndroidPlayer/UnityEditor.Android.Extensions.dll
Registered in 0.002504 seconds.
- Loaded All Assemblies, in  0.306 seconds
Native extension for Android target not found
Android Extension - Scanning For ADB Devices 202 ms
Native extension for UWP target not found
Native extension for WindowsStandalone target not found
Mono: successfully reloaded assembly
- Finished resetting the current domain, in  0.496 seconds
Domain Reload Profiling: 800ms
	BeginReloadAssembly (99ms)
		ExecutionOrderSort (0ms)
		DisableScriptedObjects (0ms)
		BackupInstance (0ms)
		ReleaseScriptingObjects (0ms)
		CreateAndSetChildDomain (1ms)
	RebuildCommonClasses (27ms)
	RebuildNativeTypeToScriptingClass (11ms)
	initialDomainReloadingComplete (37ms)
	LoadAllAssembliesAndSetupDomain (129ms)
		LoadAssemblies (97ms)
		RebuildTransferFunctionScriptingTraits (0ms)
		AnalyzeDomain (126ms)
			TypeCache.Refresh (125ms)
				TypeCache.ScanAssembly (115ms)
			BuildScriptInfoCaches (0ms)
			ResolveRequiredComponents (0ms)
	FinalizeReload (496ms)
		ReleaseScriptCaches (0ms)
		RebuildScriptCaches (0ms)
		SetupLoadedEditorAssemblies (459ms)
			LogAssemblyErrors (0ms)
			InitializePlatformSupportModulesInManaged (277ms)
			SetLoadedEditorAssemblies (3ms)
			BeforeProcessingInitializeOnLoad (45ms)
			ProcessInitializeOnLoadAttributes (92ms)
			ProcessInitializeOnLoadMethodAttributes (41ms)
			AfterProcessingInitializeOnLoad (0ms)
			EditorAssembliesLoaded (0ms)
		ExecutionOrderSort2 (0ms)
		AwakeInstancesAfterBackupRestoration (0ms)
========================================================================
Worker process is ready to serve import requests
Import Worker Mode flag is 0x00
Begin MonoManager ReloadAssembly
- Loaded All Assemblies, in  0.578 seconds
Refreshing native plugins compatible for Editor in 1.49 ms, found 4 plugins.
Native extension for Android target not found
Native extension for UWP target not found
Native extension for WindowsStandalone target not found
Mono: successfully reloaded assembly
- Finished resetting the current domain, in  0.634 seconds
Domain Reload Profiling: 1207ms
	BeginReloadAssembly (140ms)
		ExecutionOrderSort (0ms)
		DisableScriptedObjects (4ms)
		BackupInstance (0ms)
		ReleaseScriptingObjects (0ms)
		CreateAndSetChildDomain (30ms)
	RebuildCommonClasses (32ms)
	RebuildNativeTypeToScriptingClass (11ms)
	initialDomainReloadingComplete (31ms)
	LoadAllAssembliesAndSetupDomain (359ms)
		LoadAssemblies (260ms)
		RebuildTransferFunctionScriptingTraits (0ms)
		AnalyzeDomain (176ms)
			TypeCache.Refresh (128ms)
				TypeCache.ScanAssembly (116ms)
			BuildScriptInfoCaches (41ms)
			ResolveRequiredComponents (4ms)
	FinalizeReload (634ms)
		ReleaseScriptCaches (0ms)
		RebuildScriptCaches (0ms)
		SetupLoadedEditorAssemblies (548ms)
			LogAssemblyErrors (0ms)
			InitializePlatformSupportModulesInManaged (8ms)
			SetLoadedEditorAssemblies (5ms)
			BeforeProcessingInitializeOnLoad (103ms)
			ProcessInitializeOnLoadAttributes (388ms)
			ProcessInitializeOnLoadMethodAttributes (38ms)
			AfterProcessingInitializeOnLoad (5ms)
			EditorAssembliesLoaded (0ms)
		ExecutionOrderSort2 (0ms)
		AwakeInstancesAfterBackupRestoration (5ms)
Launched and connected shader compiler UnityShaderCompiler.exe after 0.01 seconds
Refreshing native plugins compatible for Editor in 1.43 ms, found 4 plugins.
Preloading 0 native plugins for Editor in 0.00 ms.
Unloading 14 Unused Serialized files (Serialized files now loaded: 0)
Unloading 4780 unused Assets / (1.4 MB). Loaded Objects now: 5262.
Memory consumption went from 94.2 MB to 92.8 MB.
Total: 6.941000 ms (FindLiveObjects: 0.534100 ms CreateObjectMapping: 0.263700 ms MarkObjects: 5.073600 ms  DeleteObjects: 1.068600 ms)

========================================================================
Received Import Request.
  Time since last request: 15623.297776 seconds.
  path: Assets/Scenes/InGame.unity
  artifactKey: Guid(2cda990e2423bbf4892e6590ba056729) Importer(815301076,1909f56bfc062723c751e8b465ee728b)
Start importing Assets/Scenes/InGame.unity using Guid(2cda990e2423bbf4892e6590ba056729) Importer(815301076,1909f56bfc062723c751e8b465ee728b) (PreviewImporter) -> (artifact id: 'f6c483ba43ebfbe3d0173587a5f2d1d6') in 0.0056398 seconds
Number of updated asset objects reloaded before import = 0Number of asset objects unloaded after import = 0

========================================================================
Received Import Request.
  Time since last request: 31.928215 seconds.
  path: Assets
  artifactKey: Guid(00000000000000001000000000000000) Importer(815301076,1909f56bfc062723c751e8b465ee728b)
Start importing Assets using Guid(00000000000000001000000000000000) Importer(815301076,1909f56bfc062723c751e8b465ee728b) (PreviewImporter) -> (artifact id: 'c391582d739b6e62a5220f35cbb167ac') in 0.000403 seconds
Number of updated asset objects reloaded before import = 0Number of asset objects unloaded after import = 0

========================================================================
Received Import Request.
  Time since last request: 7.907310 seconds.
  path: Assets/_Script
  artifactKey: Guid(3ab4a10cfb5b3bc4ab594ccbcba3a7ae) Importer(815301076,1909f56bfc062723c751e8b465ee728b)
Start importing Assets/_Script using Guid(3ab4a10cfb5b3bc4ab594ccbcba3a7ae) Importer(815301076,1909f56bfc062723c751e8b465ee728b) (PreviewImporter) -> (artifact id: '543598fffd4871e193c970da4a39abe8') in 0.0004243 seconds
Number of updated asset objects reloaded before import = 0Number of asset objects unloaded after import = 0

========================================================================
Received Prepare
Refreshing native plugins compatible for Editor in 1.71 ms, found 4 plugins.
Preloading 0 native plugins for Editor in 0.00 ms.
Unloading 6 Unused Serialized files (Serialized files now loaded: 0)
Unloading 4768 unused Assets / (1.4 MB). Loaded Objects now: 5265.
Memory consumption went from 92.3 MB to 90.9 MB.
Total: 6.531600 ms (FindLiveObjects: 0.538200 ms CreateObjectMapping: 0.453700 ms MarkObjects: 4.250000 ms  DeleteObjects: 1.288800 ms)

Prepare: number of updated asset objects reloaded= 0
========================================================================
Received Import Request.
  Time since last request: 9.446294 seconds.
  path: Assets/_Script/GameManager.cs
  artifactKey: Guid(a6d92f2d556de21409f800258b320280) Importer(815301076,1909f56bfc062723c751e8b465ee728b)
Start importing Assets/_Script/GameManager.cs using Guid(a6d92f2d556de21409f800258b320280) Importer(815301076,1909f56bfc062723c751e8b465ee728b) (PreviewImporter) -> (artifact id: 'c80e0407eed56ca50e0d6486f8d6024c') in 0.0019667 seconds
Number of updated asset objects reloaded before import = 0Number of asset objects unloaded after import = 0

========================================================================
Received Prepare
Begin MonoManager ReloadAssembly
- Loaded All Assemblies, in  0.519 seconds
Refreshing native plugins compatible for Editor in 1.20 ms, found 4 plugins.
Native extension for Android target not found
Native extension for UWP target not found
Native extension for WindowsStandalone target not found
Mono: successfully reloaded assembly
- Finished resetting the current domain, in  0.537 seconds
Domain Reload Profiling: 1055ms
	BeginReloadAssembly (167ms)
		ExecutionOrderSort (0ms)
		DisableScriptedObjects (10ms)
		BackupInstance (0ms)
		ReleaseScriptingObjects (0ms)
		CreateAndSetChildDomain (46ms)
	RebuildCommonClasses (30ms)
	RebuildNativeTypeToScriptingClass (11ms)
	initialDomainReloadingComplete (23ms)
	LoadAllAssembliesAndSetupDomain (286ms)
		LoadAssemblies (241ms)
		RebuildTransferFunctionScriptingTraits (0ms)
		AnalyzeDomain (114ms)
			TypeCache.Refresh (6ms)
				TypeCache.ScanAssembly (0ms)
			BuildScriptInfoCaches (101ms)
			ResolveRequiredComponents (4ms)
	FinalizeReload (537ms)
		ReleaseScriptCaches (0ms)
		RebuildScriptCaches (0ms)
		SetupLoadedEditorAssemblies (450ms)
			LogAssemblyErrors (0ms)
			InitializePlatformSupportModulesInManaged (7ms)
			SetLoadedEditorAssemblies (4ms)
			BeforeProcessingInitializeOnLoad (85ms)
			ProcessInitializeOnLoadAttributes (320ms)
			ProcessInitializeOnLoadMethodAttributes (29ms)
			AfterProcessingInitializeOnLoad (4ms)
			EditorAssembliesLoaded (0ms)
		ExecutionOrderSort2 (0ms)
		AwakeInstancesAfterBackupRestoration (5ms)
Refreshing native plugins compatible for Editor in 1.27 ms, found 4 plugins.
Preloading 0 native plugins for Editor in 0.00 ms.
Unloading 6 Unused Serialized files (Serialized files now loaded: 0)
Unloading 4779 unused Assets / (1.8 MB). Loaded Objects now: 5268.
Memory consumption went from 94.2 MB to 92.4 MB.
Total: 6.520500 ms (FindLiveObjects: 0.453600 ms CreateObjectMapping: 0.332400 ms MarkObjects: 4.137100 ms  DeleteObjects: 1.597000 ms)

Prepare: number of updated asset objects reloaded= 0
========================================================================
Received Import Request.
  Time since last request: 22.827008 seconds.
  path: Assets/_Script/GameManager.cs
  artifactKey: Guid(a6d92f2d556de21409f800258b320280) Importer(815301076,1909f56bfc062723c751e8b465ee728b)
Start importing Assets/_Script/GameManager.cs using Guid(a6d92f2d556de21409f800258b320280) Importer(815301076,1909f56bfc062723c751e8b465ee728b) (PreviewImporter) -> (artifact id: '2db631b686244e5044e18ba819a414d4') in 0.0021713 seconds
Number of updated asset objects reloaded before import = 0Number of asset objects unloaded after import = 0

========================================================================
Received Prepare
Refreshing native plugins compatible for Editor in 2.05 ms, found 4 plugins.
Preloading 0 native plugins for Editor in 0.00 ms.
Unloading 6 Unused Serialized files (Serialized files now loaded: 0)
Unloading 4769 unused Assets / (1.4 MB). Loaded Objects now: 5269.
Memory consumption went from 94.3 MB to 92.9 MB.
Total: 9.011200 ms (FindLiveObjects: 0.583500 ms CreateObjectMapping: 0.593600 ms MarkObjects: 6.422200 ms  DeleteObjects: 1.410800 ms)

Prepare: number of updated asset objects reloaded= 0
========================================================================
Received Import Request.
  Time since last request: 235.060349 seconds.
  path: Assets/_Script/PlayerController.cs
  artifactKey: Guid(000a512efad4191428925eb6646666a6) Importer(815301076,1909f56bfc062723c751e8b465ee728b)
Start importing Assets/_Script/PlayerController.cs using Guid(000a512efad4191428925eb6646666a6) Importer(815301076,1909f56bfc062723c751e8b465ee728b) (PreviewImporter) -> (artifact id: '90b013e3f9ef50aa694188716bf4c90f') in 0.0014846 seconds
Number of updated asset objects reloaded before import = 0Number of asset objects unloaded after import = 0

========================================================================
Received Prepare
Begin MonoManager ReloadAssembly
- Loaded All Assemblies, in  0.603 seconds
Refreshing native plugins compatible for Editor in 1.92 ms, found 4 plugins.
Native extension for Android target not found
Native extension for UWP target not found
Native extension for WindowsStandalone target not found
Mono: successfully reloaded assembly
- Finished resetting the current domain, in  0.702 seconds
Domain Reload Profiling: 1304ms
	BeginReloadAssembly (188ms)
		ExecutionOrderSort (0ms)
		DisableScriptedObjects (13ms)
		BackupInstance (0ms)
		ReleaseScriptingObjects (0ms)
		CreateAndSetChildDomain (51ms)
	RebuildCommonClasses (31ms)
	RebuildNativeTypeToScriptingClass (11ms)
	initialDomainReloadingComplete (23ms)
	LoadAllAssembliesAndSetupDomain (348ms)
		LoadAssemblies (274ms)
		RebuildTransferFunctionScriptingTraits (0ms)
		AnalyzeDomain (154ms)
			TypeCache.Refresh (7ms)
				TypeCache.ScanAssembly (0ms)
			BuildScriptInfoCaches (140ms)
			ResolveRequiredComponents (4ms)
	FinalizeReload (703ms)
		ReleaseScriptCaches (0ms)
		RebuildScriptCaches (0ms)
		SetupLoadedEditorAssemblies (593ms)
			LogAssemblyErrors (0ms)
			InitializePlatformSupportModulesInManaged (8ms)
			SetLoadedEditorAssemblies (5ms)
			BeforeProcessingInitializeOnLoad (131ms)
			ProcessInitializeOnLoadAttributes (411ms)
			ProcessInitializeOnLoadMethodAttributes (34ms)
			AfterProcessingInitializeOnLoad (5ms)
			EditorAssembliesLoaded (0ms)
		ExecutionOrderSort2 (0ms)
		AwakeInstancesAfterBackupRestoration (5ms)
Refreshing native plugins compatible for Editor in 2.33 ms, found 4 plugins.
Preloading 0 native plugins for Editor in 0.00 ms.
Unloading 6 Unused Serialized files (Serialized files now loaded: 0)
Unloading 4780 unused Assets / (1.3 MB). Loaded Objects now: 5271.
Memory consumption went from 94.2 MB to 92.9 MB.
Total: 7.491500 ms (FindLiveObjects: 0.806400 ms CreateObjectMapping: 0.317300 ms MarkObjects: 4.934500 ms  DeleteObjects: 1.432500 ms)

Prepare: number of updated asset objects reloaded= 0
========================================================================
Received Import Request.
  Time since last request: 5.739542 seconds.
  path: Assets/_Script/PlayerController.cs
  artifactKey: Guid(000a512efad4191428925eb6646666a6) Importer(815301076,1909f56bfc062723c751e8b465ee728b)
Start importing Assets/_Script/PlayerController.cs using Guid(000a512efad4191428925eb6646666a6) Importer(815301076,1909f56bfc062723c751e8b465ee728b) (PreviewImporter) -> (artifact id: '796f04c0d162b9eac73fc4b6def78926') in 0.0021083 seconds
Number of updated asset objects reloaded before import = 0Number of asset objects unloaded after import = 0

========================================================================
Received Prepare
Refreshing native plugins compatible for Editor in 1.84 ms, found 4 plugins.
Preloading 0 native plugins for Editor in 0.00 ms.
Unloading 6 Unused Serialized files (Serialized files now loaded: 0)
Unloading 4769 unused Assets / (1.5 MB). Loaded Objects now: 5271.
Memory consumption went from 94.4 MB to 92.9 MB.
Total: 8.238900 ms (FindLiveObjects: 0.779300 ms CreateObjectMapping: 0.341200 ms MarkObjects: 5.445800 ms  DeleteObjects: 1.671800 ms)

Prepare: number of updated asset objects reloaded= 0
========================================================================
Received Prepare
Begin MonoManager ReloadAssembly
- Loaded All Assemblies, in  0.631 seconds
Refreshing native plugins compatible for Editor in 1.99 ms, found 4 plugins.
Native extension for Android target not found
Native extension for UWP target not found
Native extension for WindowsStandalone target not found
Mono: successfully reloaded assembly
- Finished resetting the current domain, in  0.684 seconds
Domain Reload Profiling: 1312ms
	BeginReloadAssembly (197ms)
		ExecutionOrderSort (0ms)
		DisableScriptedObjects (11ms)
		BackupInstance (0ms)
		ReleaseScriptingObjects (0ms)
		CreateAndSetChildDomain (57ms)
	RebuildCommonClasses (35ms)
	RebuildNativeTypeToScriptingClass (12ms)
	initialDomainReloadingComplete (31ms)
	LoadAllAssembliesAndSetupDomain (353ms)
		LoadAssemblies (300ms)
		RebuildTransferFunctionScriptingTraits (0ms)
		AnalyzeDomain (137ms)
			TypeCache.Refresh (7ms)
				TypeCache.ScanAssembly (0ms)
			BuildScriptInfoCaches (122ms)
			ResolveRequiredComponents (5ms)
	FinalizeReload (684ms)
		ReleaseScriptCaches (0ms)
		RebuildScriptCaches (0ms)
		SetupLoadedEditorAssemblies (573ms)
			LogAssemblyErrors (0ms)
			InitializePlatformSupportModulesInManaged (7ms)
			SetLoadedEditorAssemblies (4ms)
			BeforeProcessingInitializeOnLoad (112ms)
			ProcessInitializeOnLoadAttributes (408ms)
			ProcessInitializeOnLoadMethodAttributes (36ms)
			AfterProcessingInitializeOnLoad (5ms)
			EditorAssembliesLoaded (0ms)
		ExecutionOrderSort2 (0ms)
		AwakeInstancesAfterBackupRestoration (6ms)
Refreshing native plugins compatible for Editor in 1.31 ms, found 4 plugins.
Preloading 0 native plugins for Editor in 0.00 ms.
Unloading 6 Unused Serialized files (Serialized files now loaded: 0)
Unloading 4780 unused Assets / (1.4 MB). Loaded Objects now: 5273.
Memory consumption went from 94.3 MB to 92.9 MB.
Total: 7.089800 ms (FindLiveObjects: 0.512800 ms CreateObjectMapping: 0.401300 ms MarkObjects: 4.942900 ms  DeleteObjects: 1.232000 ms)

Prepare: number of updated asset objects reloaded= 0
========================================================================
Received Import Request.
  Time since last request: 207.193714 seconds.
  path: Assets/_Script/GameManager.cs
  artifactKey: Guid(a6d92f2d556de21409f800258b320280) Importer(815301076,1909f56bfc062723c751e8b465ee728b)
Start importing Assets/_Script/GameManager.cs using Guid(a6d92f2d556de21409f800258b320280) Importer(815301076,1909f56bfc062723c751e8b465ee728b) (PreviewImporter) -> (artifact id: 'a4b6ebfb00f76af34d977e39a9615215') in 0.0026998 seconds
Number of updated asset objects reloaded before import = 0Number of asset objects unloaded after import = 0

========================================================================
Received Prepare
Refreshing native plugins compatible for Editor in 1.95 ms, found 4 plugins.
Preloading 0 native plugins for Editor in 0.00 ms.
Unloading 6 Unused Serialized files (Serialized files now loaded: 0)
Unloading 4769 unused Assets / (1.3 MB). Loaded Objects now: 5273.
Memory consumption went from 94.4 MB to 93.1 MB.
Total: 7.807000 ms (FindLiveObjects: 0.793300 ms CreateObjectMapping: 0.795500 ms MarkObjects: 4.931300 ms  DeleteObjects: 1.286000 ms)

Prepare: number of updated asset objects reloaded= 0
========================================================================
Received Prepare
Begin MonoManager ReloadAssembly
- Loaded All Assemblies, in  0.789 seconds
Refreshing native plugins compatible for Editor in 1.73 ms, found 4 plugins.
Native extension for Android target not found
Native extension for UWP target not found
Native extension for WindowsStandalone target not found
Mono: successfully reloaded assembly
- Finished resetting the current domain, in  0.745 seconds
Domain Reload Profiling: 1529ms
	BeginReloadAssembly (226ms)
		ExecutionOrderSort (0ms)
		DisableScriptedObjects (12ms)
		BackupInstance (0ms)
		ReleaseScriptingObjects (0ms)
		CreateAndSetChildDomain (53ms)
	RebuildCommonClasses (36ms)
	RebuildNativeTypeToScriptingClass (11ms)
	initialDomainReloadingComplete (35ms)
	LoadAllAssembliesAndSetupDomain (474ms)
		LoadAssemblies (409ms)
		RebuildTransferFunctionScriptingTraits (0ms)
		AnalyzeDomain (181ms)
			TypeCache.Refresh (6ms)
				TypeCache.ScanAssembly (0ms)
			BuildScriptInfoCaches (168ms)
			ResolveRequiredComponents (3ms)
	FinalizeReload (746ms)
		ReleaseScriptCaches (0ms)
		RebuildScriptCaches (0ms)
		SetupLoadedEditorAssemblies (628ms)
			LogAssemblyErrors (0ms)
			InitializePlatformSupportModulesInManaged (8ms)
			SetLoadedEditorAssemblies (5ms)
			BeforeProcessingInitializeOnLoad (114ms)
			ProcessInitializeOnLoadAttributes (459ms)
			ProcessInitializeOnLoadMethodAttributes (35ms)
			AfterProcessingInitializeOnLoad (5ms)
			EditorAssembliesLoaded (0ms)
		ExecutionOrderSort2 (0ms)
		AwakeInstancesAfterBackupRestoration (6ms)
Refreshing native plugins compatible for Editor in 1.41 ms, found 4 plugins.
Preloading 0 native plugins for Editor in 0.00 ms.
Unloading 6 Unused Serialized files (Serialized files now loaded: 0)
Unloading 4780 unused Assets / (1.4 MB). Loaded Objects now: 5275.
Memory consumption went from 94.3 MB to 92.9 MB.
Total: 7.606500 ms (FindLiveObjects: 0.503700 ms CreateObjectMapping: 0.338000 ms MarkObjects: 5.564000 ms  DeleteObjects: 1.199900 ms)

Prepare: number of updated asset objects reloaded= 0
========================================================================
Received Prepare
Refreshing native plugins compatible for Editor in 1.88 ms, found 4 plugins.
Preloading 0 native plugins for Editor in 0.00 ms.
Unloading 6 Unused Serialized files (Serialized files now loaded: 0)
Unloading 4769 unused Assets / (1.5 MB). Loaded Objects now: 5275.
Memory consumption went from 94.6 MB to 93.1 MB.
Total: 9.208600 ms (FindLiveObjects: 0.730500 ms CreateObjectMapping: 0.748300 ms MarkObjects: 6.320200 ms  DeleteObjects: 1.408600 ms)

Prepare: number of updated asset objects reloaded= 0
========================================================================
Received Prepare
Begin MonoManager ReloadAssembly
- Loaded All Assemblies, in  0.621 seconds
Refreshing native plugins compatible for Editor in 1.67 ms, found 4 plugins.
Native extension for Android target not found
Native extension for UWP target not found
Native extension for WindowsStandalone target not found
Mono: successfully reloaded assembly
- Finished resetting the current domain, in  0.677 seconds
Domain Reload Profiling: 1295ms
	BeginReloadAssembly (215ms)
		ExecutionOrderSort (0ms)
		DisableScriptedObjects (12ms)
		BackupInstance (0ms)
		ReleaseScriptingObjects (0ms)
		CreateAndSetChildDomain (52ms)
	RebuildCommonClasses (32ms)
	RebuildNativeTypeToScriptingClass (10ms)
	initialDomainReloadingComplete (28ms)
	LoadAllAssembliesAndSetupDomain (333ms)
		LoadAssemblies (288ms)
		RebuildTransferFunctionScriptingTraits (0ms)
		AnalyzeDomain (131ms)
			TypeCache.Refresh (7ms)
				TypeCache.ScanAssembly (0ms)
			BuildScriptInfoCaches (117ms)
			ResolveRequiredComponents (4ms)
	FinalizeReload (677ms)
		ReleaseScriptCaches (0ms)
		RebuildScriptCaches (0ms)
		SetupLoadedEditorAssemblies (570ms)
			LogAssemblyErrors (0ms)
			InitializePlatformSupportModulesInManaged (8ms)
			SetLoadedEditorAssemblies (5ms)
			BeforeProcessingInitializeOnLoad (113ms)
			ProcessInitializeOnLoadAttributes (400ms)
			ProcessInitializeOnLoadMethodAttributes (38ms)
			AfterProcessingInitializeOnLoad (6ms)
			EditorAssembliesLoaded (0ms)
		ExecutionOrderSort2 (0ms)
		AwakeInstancesAfterBackupRestoration (6ms)
Refreshing native plugins compatible for Editor in 1.52 ms, found 4 plugins.
Preloading 0 native plugins for Editor in 0.00 ms.
Unloading 6 Unused Serialized files (Serialized files now loaded: 0)
Unloading 4780 unused Assets / (1.2 MB). Loaded Objects now: 5277.
Memory consumption went from 94.5 MB to 93.3 MB.
Total: 8.436800 ms (FindLiveObjects: 0.698400 ms CreateObjectMapping: 0.661600 ms MarkObjects: 5.799300 ms  DeleteObjects: 1.276900 ms)

Prepare: number of updated asset objects reloaded= 0
========================================================================
Received Prepare
Refreshing native plugins compatible for Editor in 1.82 ms, found 4 plugins.
Preloading 0 native plugins for Editor in 0.00 ms.
Unloading 6 Unused Serialized files (Serialized files now loaded: 0)
Unloading 4769 unused Assets / (1.5 MB). Loaded Objects now: 5277.
Memory consumption went from 94.8 MB to 93.3 MB.
Total: 7.561000 ms (FindLiveObjects: 0.713400 ms CreateObjectMapping: 0.613600 ms MarkObjects: 4.742100 ms  DeleteObjects: 1.491000 ms)

Prepare: number of updated asset objects reloaded= 0
========================================================================
Received Prepare
Begin MonoManager ReloadAssembly
- Loaded All Assemblies, in  0.637 seconds
Refreshing native plugins compatible for Editor in 1.70 ms, found 4 plugins.
Native extension for Android target not found
Native extension for UWP target not found
Native extension for WindowsStandalone target not found
Mono: successfully reloaded assembly
- Finished resetting the current domain, in  0.662 seconds
Domain Reload Profiling: 1296ms
	BeginReloadAssembly (196ms)
		ExecutionOrderSort (0ms)
		DisableScriptedObjects (10ms)
		BackupInstance (0ms)
		ReleaseScriptingObjects (0ms)
		CreateAndSetChildDomain (49ms)
	RebuildCommonClasses (33ms)
	RebuildNativeTypeToScriptingClass (12ms)
	initialDomainReloadingComplete (26ms)
	LoadAllAssembliesAndSetupDomain (368ms)
		LoadAssemblies (331ms)
		RebuildTransferFunctionScriptingTraits (0ms)
		AnalyzeDomain (129ms)
			TypeCache.Refresh (6ms)
				TypeCache.ScanAssembly (0ms)
			BuildScriptInfoCaches (116ms)
			ResolveRequiredComponents (4ms)
	FinalizeReload (662ms)
		ReleaseScriptCaches (0ms)
		RebuildScriptCaches (0ms)
		SetupLoadedEditorAssemblies (559ms)
			LogAssemblyErrors (0ms)
			InitializePlatformSupportModulesInManaged (8ms)
			SetLoadedEditorAssemblies (5ms)
			BeforeProcessingInitializeOnLoad (113ms)
			ProcessInitializeOnLoadAttributes (392ms)
			ProcessInitializeOnLoadMethodAttributes (34ms)
			AfterProcessingInitializeOnLoad (8ms)
			EditorAssembliesLoaded (0ms)
		ExecutionOrderSort2 (0ms)
		AwakeInstancesAfterBackupRestoration (6ms)
Refreshing native plugins compatible for Editor in 1.56 ms, found 4 plugins.
Preloading 0 native plugins for Editor in 0.00 ms.
Unloading 6 Unused Serialized files (Serialized files now loaded: 0)
Unloading 4780 unused Assets / (1.4 MB). Loaded Objects now: 5279.
Memory consumption went from 94.7 MB to 93.3 MB.
Total: 6.869300 ms (FindLiveObjects: 0.459000 ms CreateObjectMapping: 0.341300 ms MarkObjects: 4.333600 ms  DeleteObjects: 1.734800 ms)

Prepare: number of updated asset objects reloaded= 0
========================================================================
Received Prepare
Refreshing native plugins compatible for Editor in 1.80 ms, found 4 plugins.
Preloading 0 native plugins for Editor in 0.00 ms.
Unloading 6 Unused Serialized files (Serialized files now loaded: 0)
Unloading 4769 unused Assets / (1.8 MB). Loaded Objects now: 5279.
Memory consumption went from 95.0 MB to 93.2 MB.
Total: 9.301800 ms (FindLiveObjects: 0.525300 ms CreateObjectMapping: 0.528900 ms MarkObjects: 6.584900 ms  DeleteObjects: 1.661700 ms)

Prepare: number of updated asset objects reloaded= 0
========================================================================
Received Prepare
Begin MonoManager ReloadAssembly
- Loaded All Assemblies, in  0.664 seconds
Refreshing native plugins compatible for Editor in 1.71 ms, found 4 plugins.
Native extension for Android target not found
Native extension for UWP target not found
Native extension for WindowsStandalone target not found
Mono: successfully reloaded assembly
- Finished resetting the current domain, in  0.644 seconds
Domain Reload Profiling: 1305ms
	BeginReloadAssembly (209ms)
		ExecutionOrderSort (0ms)
		DisableScriptedObjects (11ms)
		BackupInstance (0ms)
		ReleaseScriptingObjects (0ms)
		CreateAndSetChildDomain (51ms)
	RebuildCommonClasses (32ms)
	RebuildNativeTypeToScriptingClass (14ms)
	initialDomainReloadingComplete (31ms)
	LoadAllAssembliesAndSetupDomain (375ms)
		LoadAssemblies (327ms)
		RebuildTransferFunctionScriptingTraits (0ms)
		AnalyzeDomain (139ms)
			TypeCache.Refresh (6ms)
				TypeCache.ScanAssembly (0ms)
			BuildScriptInfoCaches (124ms)
			ResolveRequiredComponents (5ms)
	FinalizeReload (644ms)
		ReleaseScriptCaches (0ms)
		RebuildScriptCaches (0ms)
		SetupLoadedEditorAssemblies (542ms)
			LogAssemblyErrors (0ms)
			InitializePlatformSupportModulesInManaged (10ms)
			SetLoadedEditorAssemblies (5ms)
			BeforeProcessingInitializeOnLoad (111ms)
			ProcessInitializeOnLoadAttributes (374ms)
			ProcessInitializeOnLoadMethodAttributes (37ms)
			AfterProcessingInitializeOnLoad (5ms)
			EditorAssembliesLoaded (0ms)
		ExecutionOrderSort2 (0ms)
		AwakeInstancesAfterBackupRestoration (7ms)
Refreshing native plugins compatible for Editor in 2.07 ms, found 4 plugins.
Preloading 0 native plugins for Editor in 0.00 ms.
Unloading 6 Unused Serialized files (Serialized files now loaded: 0)
Unloading 4780 unused Assets / (1.4 MB). Loaded Objects now: 5281.
Memory consumption went from 95.0 MB to 93.6 MB.
Total: 8.971200 ms (FindLiveObjects: 0.885000 ms CreateObjectMapping: 0.692800 ms MarkObjects: 6.050900 ms  DeleteObjects: 1.341700 ms)

Prepare: number of updated asset objects reloaded= 0
========================================================================
Received Prepare
Refreshing native plugins compatible for Editor in 1.53 ms, found 4 plugins.
Preloading 0 native plugins for Editor in 0.00 ms.
Unloading 6 Unused Serialized files (Serialized files now loaded: 0)
Unloading 4769 unused Assets / (1.4 MB). Loaded Objects now: 5281.
Memory consumption went from 95.2 MB to 93.8 MB.
Total: 7.681100 ms (FindLiveObjects: 0.457000 ms CreateObjectMapping: 0.343000 ms MarkObjects: 5.464700 ms  DeleteObjects: 1.415400 ms)

Prepare: number of updated asset objects reloaded= 0
========================================================================
Received Prepare
Begin MonoManager ReloadAssembly
- Loaded All Assemblies, in  0.631 seconds
Refreshing native plugins compatible for Editor in 1.63 ms, found 4 plugins.
Native extension for Android target not found
Native extension for UWP target not found
Native extension for WindowsStandalone target not found
Mono: successfully reloaded assembly
- Finished resetting the current domain, in  0.684 seconds
Domain Reload Profiling: 1313ms
	BeginReloadAssembly (202ms)
		ExecutionOrderSort (0ms)
		DisableScriptedObjects (13ms)
		BackupInstance (0ms)
		ReleaseScriptingObjects (0ms)
		CreateAndSetChildDomain (50ms)
	RebuildCommonClasses (45ms)
	RebuildNativeTypeToScriptingClass (11ms)
	initialDomainReloadingComplete (25ms)
	LoadAllAssembliesAndSetupDomain (346ms)
		LoadAssemblies (309ms)
		RebuildTransferFunctionScriptingTraits (0ms)
		AnalyzeDomain (132ms)
			TypeCache.Refresh (6ms)
				TypeCache.ScanAssembly (0ms)
			BuildScriptInfoCaches (118ms)
			ResolveRequiredComponents (5ms)
	FinalizeReload (685ms)
		ReleaseScriptCaches (0ms)
		RebuildScriptCaches (0ms)
		SetupLoadedEditorAssemblies (577ms)
			LogAssemblyErrors (0ms)
			InitializePlatformSupportModulesInManaged (9ms)
			SetLoadedEditorAssemblies (5ms)
			BeforeProcessingInitializeOnLoad (117ms)
			ProcessInitializeOnLoadAttributes (407ms)
			ProcessInitializeOnLoadMethodAttributes (34ms)
			AfterProcessingInitializeOnLoad (5ms)
			EditorAssembliesLoaded (0ms)
		ExecutionOrderSort2 (0ms)
		AwakeInstancesAfterBackupRestoration (5ms)
Refreshing native plugins compatible for Editor in 1.45 ms, found 4 plugins.
Preloading 0 native plugins for Editor in 0.00 ms.
Unloading 6 Unused Serialized files (Serialized files now loaded: 0)
Unloading 4780 unused Assets / (1.4 MB). Loaded Objects now: 5283.
Memory consumption went from 95.2 MB to 93.8 MB.
Total: 6.576900 ms (FindLiveObjects: 0.496400 ms CreateObjectMapping: 0.344700 ms MarkObjects: 4.293400 ms  DeleteObjects: 1.441600 ms)

Prepare: number of updated asset objects reloaded= 0
========================================================================
Received Prepare
Refreshing native plugins compatible for Editor in 1.78 ms, found 4 plugins.
Preloading 0 native plugins for Editor in 0.00 ms.
Unloading 6 Unused Serialized files (Serialized files now loaded: 0)
Unloading 4769 unused Assets / (1.5 MB). Loaded Objects now: 5283.
Memory consumption went from 95.5 MB to 94.0 MB.
Total: 9.870400 ms (FindLiveObjects: 0.653600 ms CreateObjectMapping: 0.741000 ms MarkObjects: 6.937000 ms  DeleteObjects: 1.538000 ms)

Prepare: number of updated asset objects reloaded= 0
========================================================================
Received Prepare
Refreshing native plugins compatible for Editor in 1.44 ms, found 4 plugins.
Preloading 0 native plugins for Editor in 0.00 ms.
Unloading 6 Unused Serialized files (Serialized files now loaded: 0)
Unloading 4769 unused Assets / (1.4 MB). Loaded Objects now: 5283.
Memory consumption went from 95.6 MB to 94.2 MB.
Total: 6.715900 ms (FindLiveObjects: 0.462200 ms CreateObjectMapping: 0.359000 ms MarkObjects: 4.740800 ms  DeleteObjects: 1.153200 ms)

Prepare: number of updated asset objects reloaded= 0
========================================================================
Received Import Request.
  Time since last request: 617.920586 seconds.
  path: Assets/Blob Character Pack
  artifactKey: Guid(ba43110ac23e0104fba58e29fcc17713) Importer(815301076,1909f56bfc062723c751e8b465ee728b)
Start importing Assets/Blob Character Pack using Guid(ba43110ac23e0104fba58e29fcc17713) Importer(815301076,1909f56bfc062723c751e8b465ee728b) (PreviewImporter) -> (artifact id: 'd6784eb8109434bf7e3ee499688061a4') in 0.0016778 seconds
Number of updated asset objects reloaded before import = 0Number of asset objects unloaded after import = 0

========================================================================
Received Prepare
Refreshing native plugins compatible for Editor in 2.19 ms, found 4 plugins.
Preloading 0 native plugins for Editor in 0.00 ms.
Unloading 6 Unused Serialized files (Serialized files now loaded: 0)
Unloading 4769 unused Assets / (1.6 MB). Loaded Objects now: 5283.
Memory consumption went from 94.4 MB to 92.8 MB.
Total: 9.126500 ms (FindLiveObjects: 0.795500 ms CreateObjectMapping: 0.842500 ms MarkObjects: 5.740600 ms  DeleteObjects: 1.746900 ms)

Prepare: number of updated asset objects reloaded= 0
========================================================================
Received Prepare
Begin MonoManager ReloadAssembly
- Loaded All Assemblies, in  0.684 seconds
Refreshing native plugins compatible for Editor in 1.59 ms, found 4 plugins.
Native extension for Android target not found
Native extension for UWP target not found
Native extension for WindowsStandalone target not found
Mono: successfully reloaded assembly
- Finished resetting the current domain, in  0.668 seconds
Domain Reload Profiling: 1350ms
	BeginReloadAssembly (189ms)
		ExecutionOrderSort (0ms)
		DisableScriptedObjects (13ms)
		BackupInstance (0ms)
		ReleaseScriptingObjects (0ms)
		CreateAndSetChildDomain (46ms)
	RebuildCommonClasses (35ms)
	RebuildNativeTypeToScriptingClass (13ms)
	initialDomainReloadingComplete (31ms)
	LoadAllAssembliesAndSetupDomain (415ms)
		LoadAssemblies (332ms)
		RebuildTransferFunctionScriptingTraits (0ms)
		AnalyzeDomain (170ms)
			TypeCache.Refresh (7ms)
				TypeCache.ScanAssembly (0ms)
			BuildScriptInfoCaches (156ms)
			ResolveRequiredComponents (5ms)
	FinalizeReload (668ms)
		ReleaseScriptCaches (0ms)
		RebuildScriptCaches (0ms)
		SetupLoadedEditorAssemblies (556ms)
			LogAssemblyErrors (0ms)
			InitializePlatformSupportModulesInManaged (9ms)
			SetLoadedEditorAssemblies (6ms)
			BeforeProcessingInitializeOnLoad (112ms)
			ProcessInitializeOnLoadAttributes (389ms)
			ProcessInitializeOnLoadMethodAttributes (35ms)
			AfterProcessingInitializeOnLoad (5ms)
			EditorAssembliesLoaded (0ms)
		ExecutionOrderSort2 (0ms)
		AwakeInstancesAfterBackupRestoration (7ms)
Refreshing native plugins compatible for Editor in 1.57 ms, found 4 plugins.
Preloading 0 native plugins for Editor in 0.00 ms.
Unloading 6 Unused Serialized files (Serialized files now loaded: 0)
Unloading 4780 unused Assets / (1.9 MB). Loaded Objects now: 5285.
Memory consumption went from 94.4 MB to 92.5 MB.
Total: 7.705000 ms (FindLiveObjects: 0.694300 ms CreateObjectMapping: 0.168000 ms MarkObjects: 5.267100 ms  DeleteObjects: 1.574500 ms)

Prepare: number of updated asset objects reloaded= 0
========================================================================
Received Import Request.
  Time since last request: 22.332556 seconds.
  path: Assets/Blob Character Pack/Blue-Blob-sheets
  artifactKey: Guid(22f0003af740c344a83b886fe4cfe621) Importer(815301076,1909f56bfc062723c751e8b465ee728b)
Start importing Assets/Blob Character Pack/Blue-Blob-sheets using Guid(22f0003af740c344a83b886fe4cfe621) Importer(815301076,1909f56bfc062723c751e8b465ee728b) (PreviewImporter) -> (artifact id: '88902dd31db42e60e7eb3b23b619a456') in 0.0026154 seconds
Number of updated asset objects reloaded before import = 0Number of asset objects unloaded after import = 0

========================================================================
Received Import Request.
  Time since last request: 1.119295 seconds.
  path: Assets/Blob Character Pack/Blue-Blob-sheets/Blue-Blob-Assemble.png
  artifactKey: Guid(2fabb6d121c20a440adaed4fb1d532c7) Importer(815301076,1909f56bfc062723c751e8b465ee728b)
Start importing Assets/Blob Character Pack/Blue-Blob-sheets/Blue-Blob-Assemble.png using Guid(2fabb6d121c20a440adaed4fb1d532c7) Importer(815301076,1909f56bfc062723c751e8b465ee728b) (PreviewImporter) -> (artifact id: 'bb879a93aefd630e60b1eb33408b5a7e') in 0.1946418 seconds
Number of updated asset objects reloaded before import = 0Number of asset objects unloaded after import = 48

========================================================================
Received Import Request.
  Time since last request: 0.688576 seconds.
  path: Assets/Blob Character Pack/Blue-Blob-sheets/Blue-Blob-Idle.png
  artifactKey: Guid(b6b3e04490969764e938bbf8dd8fb9ee) Importer(815301076,1909f56bfc062723c751e8b465ee728b)
Start importing Assets/Blob Character Pack/Blue-Blob-sheets/Blue-Blob-Idle.png using Guid(b6b3e04490969764e938bbf8dd8fb9ee) Importer(815301076,1909f56bfc062723c751e8b465ee728b) (PreviewImporter) -> (artifact id: '48496f96c071a1c4bc5641f3f2a90119') in 0.0250559 seconds
Number of updated asset objects reloaded before import = 0Number of asset objects unloaded after import = 8

========================================================================
Received Import Request.
  Time since last request: 6.470018 seconds.
  path: Assets/Blob Character Pack/Blue-Blob-sheets/Blue-Blob-Land.png
  artifactKey: Guid(31edd13d557465844baff10615298a42) Importer(815301076,1909f56bfc062723c751e8b465ee728b)
Start importing Assets/Blob Character Pack/Blue-Blob-sheets/Blue-Blob-Land.png using Guid(31edd13d557465844baff10615298a42) Importer(815301076,1909f56bfc062723c751e8b465ee728b) (PreviewImporter) -> (artifact id: '2eb662046184a9e2e95aded8437b3422') in 0.0276007 seconds
Number of updated asset objects reloaded before import = 0Number of asset objects unloaded after import = 8

========================================================================
Received Import Request.
  Time since last request: 4.021001 seconds.
  path: Assets/Blob Character Pack/Blue-Blob-sheets/Blue-Blob-Dissasemble.png
  artifactKey: Guid(f5631ce1f01d2ef409c6d7c8b8d8ab71) Importer(815301076,1909f56bfc062723c751e8b465ee728b)
Start importing Assets/Blob Character Pack/Blue-Blob-sheets/Blue-Blob-Dissasemble.png using Guid(f5631ce1f01d2ef409c6d7c8b8d8ab71) Importer(815301076,1909f56bfc062723c751e8b465ee728b) (PreviewImporter) -> (artifact id: '796b916bb3b2d683327c12abe251f692') in 0.1215003 seconds
Number of updated asset objects reloaded before import = 0Number of asset objects unloaded after import = 56

========================================================================
Received Import Request.
  Time since last request: 20.243239 seconds.
  path: Assets/Blob Character Pack/Blue-Blob-sheets/Blue-Blob-Assemble.png
  artifactKey: Guid(2fabb6d121c20a440adaed4fb1d532c7) Importer(815301076,1909f56bfc062723c751e8b465ee728b)
Start importing Assets/Blob Character Pack/Blue-Blob-sheets/Blue-Blob-Assemble.png using Guid(2fabb6d121c20a440adaed4fb1d532c7) Importer(815301076,1909f56bfc062723c751e8b465ee728b) (PreviewImporter) -> (artifact id: '80a947aee7a4bc54e847cf71d7cd312a') in 0.0812607 seconds
Number of updated asset objects reloaded before import = 0Number of asset objects unloaded after import = 48

========================================================================
Received Import Request.
  Time since last request: 25.215333 seconds.
  path: Assets/Blob Character Pack/Blue-Blob-sheets/Blue-Blob-Assemble.png
  artifactKey: Guid(2fabb6d121c20a440adaed4fb1d532c7) Importer(815301076,1909f56bfc062723c751e8b465ee728b)
Start importing Assets/Blob Character Pack/Blue-Blob-sheets/Blue-Blob-Assemble.png using Guid(2fabb6d121c20a440adaed4fb1d532c7) Importer(815301076,1909f56bfc062723c751e8b465ee728b) (PreviewImporter) -> (artifact id: '2a028bcfa6f112802c4d55f95dac2b35') in 0.0611743 seconds
Number of updated asset objects reloaded before import = 0Number of asset objects unloaded after import = 22

========================================================================
Received Import Request.
  Time since last request: 1.695656 seconds.
  path: Assets/Blob Character Pack/Blue-Blob-sheets/Blue-Blob-Dissasemble.png
  artifactKey: Guid(f5631ce1f01d2ef409c6d7c8b8d8ab71) Importer(815301076,1909f56bfc062723c751e8b465ee728b)
Start importing Assets/Blob Character Pack/Blue-Blob-sheets/Blue-Blob-Dissasemble.png using Guid(f5631ce1f01d2ef409c6d7c8b8d8ab71) Importer(815301076,1909f56bfc062723c751e8b465ee728b) (PreviewImporter) -> (artifact id: 'ab9673c5b08287373214661d0d45ab8a') in 0.118464 seconds
Number of updated asset objects reloaded before import = 0Number of asset objects unloaded after import = 56

========================================================================
Received Import Request.
  Time since last request: 1.141166 seconds.
  path: Assets/Blob Character Pack/Blue-Blob-sheets/Blue-Blob-Jump.png
  artifactKey: Guid(9de5ae5621d96dd49ade54b374f4ea98) Importer(815301076,1909f56bfc062723c751e8b465ee728b)
Start importing Assets/Blob Character Pack/Blue-Blob-sheets/Blue-Blob-Jump.png using Guid(9de5ae5621d96dd49ade54b374f4ea98) Importer(815301076,1909f56bfc062723c751e8b465ee728b) (PreviewImporter) -> (artifact id: '0bcc6f25e1991d363a42eeac2369b567') in 0.0302113 seconds
Number of updated asset objects reloaded before import = 0Number of asset objects unloaded after import = 9

========================================================================
Received Import Request.
  Time since last request: 0.292741 seconds.
  path: Assets/Blob Character Pack/Blue-Blob-sheets/Blue-Blob-Idle.png
  artifactKey: Guid(b6b3e04490969764e938bbf8dd8fb9ee) Importer(815301076,1909f56bfc062723c751e8b465ee728b)
Start importing Assets/Blob Character Pack/Blue-Blob-sheets/Blue-Blob-Idle.png using Guid(b6b3e04490969764e938bbf8dd8fb9ee) Importer(815301076,1909f56bfc062723c751e8b465ee728b) (PreviewImporter) -> (artifact id: 'd9173432bb704bef402e26d88b6fcc6b') in 0.0302036 seconds
Number of updated asset objects reloaded before import = 0Number of asset objects unloaded after import = 8

========================================================================
Received Import Request.
  Time since last request: 38.998942 seconds.
  path: Assets/Blob Character Pack/Blue-Blob-sheets/Blue-Blob-Idle.png
  artifactKey: Guid(b6b3e04490969764e938bbf8dd8fb9ee) Importer(815301076,1909f56bfc062723c751e8b465ee728b)
Start importing Assets/Blob Character Pack/Blue-Blob-sheets/Blue-Blob-Idle.png using Guid(b6b3e04490969764e938bbf8dd8fb9ee) Importer(815301076,1909f56bfc062723c751e8b465ee728b) (PreviewImporter) -> (artifact id: '3c856baac958c5bd2c257e4b0786e399') in 0.0259054 seconds
Number of updated asset objects reloaded before import = 0Number of asset objects unloaded after import = 8

========================================================================
Received Import Request.
  Time since last request: 30.815897 seconds.
  path: Assets/Blob Character Pack/Blue-Blob-sheets/Blue-Blob-Jump.png
  artifactKey: Guid(9de5ae5621d96dd49ade54b374f4ea98) Importer(815301076,1909f56bfc062723c751e8b465ee728b)
Start importing Assets/Blob Character Pack/Blue-Blob-sheets/Blue-Blob-Jump.png using Guid(9de5ae5621d96dd49ade54b374f4ea98) Importer(815301076,1909f56bfc062723c751e8b465ee728b) (PreviewImporter) -> (artifact id: 'ba6852a3bc9e32a546a58dedbfe6d678') in 0.0220429 seconds
Number of updated asset objects reloaded before import = 0Number of asset objects unloaded after import = 8

========================================================================
Received Import Request.
  Time since last request: 15.632707 seconds.
  path: Assets/Blob Character Pack/Blue-Blob-sheets/Blue-Blob-Idle.png
  artifactKey: Guid(b6b3e04490969764e938bbf8dd8fb9ee) Importer(815301076,1909f56bfc062723c751e8b465ee728b)
Start importing Assets/Blob Character Pack/Blue-Blob-sheets/Blue-Blob-Idle.png using Guid(b6b3e04490969764e938bbf8dd8fb9ee) Importer(815301076,1909f56bfc062723c751e8b465ee728b) (PreviewImporter) -> (artifact id: '86d106c26cf3a4e389b2f8afc07fe8f5') in 0.0247185 seconds
Number of updated asset objects reloaded before import = 0Number of asset objects unloaded after import = 8

========================================================================
Received Import Request.
  Time since last request: 79.195274 seconds.
  path: Assets/Blob Character Pack/Blue-Blob-sheets/Blue-Blob-Dissasemble.png
  artifactKey: Guid(f5631ce1f01d2ef409c6d7c8b8d8ab71) Importer(815301076,1909f56bfc062723c751e8b465ee728b)
Start importing Assets/Blob Character Pack/Blue-Blob-sheets/Blue-Blob-Dissasemble.png using Guid(f5631ce1f01d2ef409c6d7c8b8d8ab71) Importer(815301076,1909f56bfc062723c751e8b465ee728b) (PreviewImporter) -> (artifact id: '2fb3f38144438770ff863780830c1b5a') in 0.038358 seconds
Number of updated asset objects reloaded before import = 0Number of asset objects unloaded after import = 17

========================================================================
Received Import Request.
  Time since last request: 11.638960 seconds.
  path: Assets/Blob Character Pack/Blue-Blob-sheets/Blue-Blob-Assemble.png
  artifactKey: Guid(2fabb6d121c20a440adaed4fb1d532c7) Importer(815301076,1909f56bfc062723c751e8b465ee728b)
Start importing Assets/Blob Character Pack/Blue-Blob-sheets/Blue-Blob-Assemble.png using Guid(2fabb6d121c20a440adaed4fb1d532c7) Importer(815301076,1909f56bfc062723c751e8b465ee728b) (PreviewImporter) -> (artifact id: '1d7068f75e85274481320e3a08718406') in 0.0462961 seconds
Number of updated asset objects reloaded before import = 0Number of asset objects unloaded after import = 22

========================================================================
Received Import Request.
  Time since last request: 8.760591 seconds.
  path: Assets/Blob Character Pack/Blue-Blob-sheets/Blue-Blob-Idle.png
  artifactKey: Guid(b6b3e04490969764e938bbf8dd8fb9ee) Importer(815301076,1909f56bfc062723c751e8b465ee728b)
Start importing Assets/Blob Character Pack/Blue-Blob-sheets/Blue-Blob-Idle.png using Guid(b6b3e04490969764e938bbf8dd8fb9ee) Importer(815301076,1909f56bfc062723c751e8b465ee728b) (PreviewImporter) -> (artifact id: '08a5160526b67a769d749463aef4e988') in 0.0177735 seconds
Number of updated asset objects reloaded before import = 0Number of asset objects unloaded after import = 8

========================================================================
Received Import Request.
  Time since last request: 7.308265 seconds.
  path: Assets/Blob Character Pack/Blue-Blob-sheets/Blue-Blob-Jump.png
  artifactKey: Guid(9de5ae5621d96dd49ade54b374f4ea98) Importer(815301076,1909f56bfc062723c751e8b465ee728b)
Start importing Assets/Blob Character Pack/Blue-Blob-sheets/Blue-Blob-Jump.png using Guid(9de5ae5621d96dd49ade54b374f4ea98) Importer(815301076,1909f56bfc062723c751e8b465ee728b) (PreviewImporter) -> (artifact id: '5432826039c530988427503fc578a8a4') in 0.0159745 seconds
Number of updated asset objects reloaded before import = 0Number of asset objects unloaded after import = 8

========================================================================
Received Import Request.
  Time since last request: 1.497286 seconds.
  path: Assets/Blob Character Pack/Blue-Blob-sheets/Blue-Blob-Land.png
  artifactKey: Guid(31edd13d557465844baff10615298a42) Importer(815301076,1909f56bfc062723c751e8b465ee728b)
Start importing Assets/Blob Character Pack/Blue-Blob-sheets/Blue-Blob-Land.png using Guid(31edd13d557465844baff10615298a42) Importer(815301076,1909f56bfc062723c751e8b465ee728b) (PreviewImporter) -> (artifact id: '796bde2dd5a9a565aa61fa1f02ae85de') in 0.022418 seconds
Number of updated asset objects reloaded before import = 0Number of asset objects unloaded after import = 8

========================================================================
Received Import Request.
  Time since last request: 6.453308 seconds.
  path: Assets/Blob Character Pack/Blue-Blob-sheets/Blue-Blob-Land.png
  artifactKey: Guid(31edd13d557465844baff10615298a42) Importer(815301076,1909f56bfc062723c751e8b465ee728b)
Start importing Assets/Blob Character Pack/Blue-Blob-sheets/Blue-Blob-Land.png using Guid(31edd13d557465844baff10615298a42) Importer(815301076,1909f56bfc062723c751e8b465ee728b) (PreviewImporter) -> (artifact id: '42bc127d8e21cbaa201589955c4e9e5a') in 0.0215979 seconds
Number of updated asset objects reloaded before import = 0Number of asset objects unloaded after import = 7

========================================================================
Received Import Request.
  Time since last request: 2.115035 seconds.
  path: Assets/Blob Character Pack/Blue-Blob-sheets/Blue-Blob-Run.png
  artifactKey: Guid(895373c12b967074f9ec39841717ecd2) Importer(815301076,1909f56bfc062723c751e8b465ee728b)
Start importing Assets/Blob Character Pack/Blue-Blob-sheets/Blue-Blob-Run.png using Guid(895373c12b967074f9ec39841717ecd2) Importer(815301076,1909f56bfc062723c751e8b465ee728b) (PreviewImporter) -> (artifact id: '57afe2ab576bbb9a92adbf57461ec10e') in 0.0297776 seconds
Number of updated asset objects reloaded before import = 0Number of asset objects unloaded after import = 10

========================================================================
Received Import Request.
  Time since last request: 10.614035 seconds.
  path: Assets/Blob Character Pack/Blue-Blob-sheets/Blue-Blob-Run.png
  artifactKey: Guid(895373c12b967074f9ec39841717ecd2) Importer(815301076,1909f56bfc062723c751e8b465ee728b)
Start importing Assets/Blob Character Pack/Blue-Blob-sheets/Blue-Blob-Run.png using Guid(895373c12b967074f9ec39841717ecd2) Importer(815301076,1909f56bfc062723c751e8b465ee728b) (PreviewImporter) -> (artifact id: 'f2c9f46e62f3eb3a86686409d25e7a96') in 0.0277603 seconds
Number of updated asset objects reloaded before import = 0Number of asset objects unloaded after import = 10

========================================================================
Received Import Request.
  Time since last request: 27.512273 seconds.
  path: Assets/Blob Character Pack/Blue-Blob-sheets/Blue-Blob-Assemble_0.controller
  artifactKey: Guid(5551ea7b8c965a44bad17181e3094b75) Importer(815301076,1909f56bfc062723c751e8b465ee728b)
Start importing Assets/Blob Character Pack/Blue-Blob-sheets/Blue-Blob-Assemble_0.controller using Guid(5551ea7b8c965a44bad17181e3094b75) Importer(815301076,1909f56bfc062723c751e8b465ee728b) (PreviewImporter) -> (artifact id: '6eab80344f01877b753cea79340948a5') in 0.0016188 seconds
Number of updated asset objects reloaded before import = 0Number of asset objects unloaded after import = 1

========================================================================
Received Import Request.
  Time since last request: 5.561268 seconds.
  path: Assets/Blob Character Pack/Blue-Blob-sheets/PlayerAC.controller
  artifactKey: Guid(5551ea7b8c965a44bad17181e3094b75) Importer(815301076,1909f56bfc062723c751e8b465ee728b)
Start importing Assets/Blob Character Pack/Blue-Blob-sheets/PlayerAC.controller using Guid(5551ea7b8c965a44bad17181e3094b75) Importer(815301076,1909f56bfc062723c751e8b465ee728b) (PreviewImporter) -> (artifact id: '93817a78287e99acaa8bf8e3a2dd9a92') in 0.0017838 seconds
Number of updated asset objects reloaded before import = 0Number of asset objects unloaded after import = 4

========================================================================
Received Import Request.
  Time since last request: 8.404436 seconds.
  path: Assets/Blob Character Pack/Blue-Blob-sheets/Animation
  artifactKey: Guid(3fb37a4b9e0ed254082af1b1c5b15239) Importer(815301076,1909f56bfc062723c751e8b465ee728b)
Start importing Assets/Blob Character Pack/Blue-Blob-sheets/Animation using Guid(3fb37a4b9e0ed254082af1b1c5b15239) Importer(815301076,1909f56bfc062723c751e8b465ee728b) (PreviewImporter) -> (artifact id: '7c569f5cfab1a47eaa8262f88019e21a') in 0.0005879 seconds
Number of updated asset objects reloaded before import = 0Number of asset objects unloaded after import = 0

========================================================================
Received Import Request.
  Time since last request: 8.716078 seconds.
  path: Assets/Blob Character Pack/Blue-Blob-sheets/Player_Start.anim
  artifactKey: Guid(08e5a02f13a2b674f8c3453001d7fb0c) Importer(815301076,1909f56bfc062723c751e8b465ee728b)
Start importing Assets/Blob Character Pack/Blue-Blob-sheets/Player_Start.anim using Guid(08e5a02f13a2b674f8c3453001d7fb0c) Importer(815301076,1909f56bfc062723c751e8b465ee728b) (PreviewImporter) -> (artifact id: 'e2f93e902ee7e89b079f83b0daac544e') in 0.0011504 seconds
Number of updated asset objects reloaded before import = 0Number of asset objects unloaded after import = 1

========================================================================
Received Prepare
Assembly reference Packages/com.unity.cinemachine/Editor/Samples/ExposeHDRPInternals/HDRP-Editor-ref.asmref has no target assembly definition
Assembly reference Packages/com.unity.cinemachine/Editor/Samples/ExposeHDRPInternals/HDRP-Editor-ref.asmref has no target assembly definition
Begin MonoManager ReloadAssembly
- Loaded All Assemblies, in  0.645 seconds
Assembly reference Packages/com.unity.cinemachine/Editor/Samples/ExposeHDRPInternals/HDRP-Editor-ref.asmref has no target assembly definition
'Packages/com.unity.cinemachine/Editor/Obsolete/CinemachineVirtualCameraBaseEditor.cs' contains partial class of Unity.Object, exactly 1 of the partial classes needs to be in a file with the same filename. This is to know the one that can be referenced from ie. GameObjects
'Packages/com.unity.cinemachine/Editor/Editors/CinemachineVirtualCameraBaseEditor.cs' contains partial class of Unity.Object, exactly 1 of the partial classes needs to be in a file with the same filename. This is to know the one that can be referenced from ie. GameObjects
Refreshing native plugins compatible for Editor in 1.18 ms, found 4 plugins.
Native extension for Android target not found
Native extension for UWP target not found
Native extension for WindowsStandalone target not found
Assembly reference Packages/com.unity.cinemachine/Editor/Samples/ExposeHDRPInternals/HDRP-Editor-ref.asmref has no target assembly definition
Package Manager log level set to [2]
[Package Manager] Failed to launch server process. Reason: Unity was launched with the -noUpm command-line argument
[Package Manager] Unable to send message (not connected to server process).
[Package Manager] Cannot connect to Unity Package Manager local server
Mono: successfully reloaded assembly
- Finished resetting the current domain, in  0.605 seconds
Domain Reload Profiling: 1247ms
	BeginReloadAssembly (184ms)
		ExecutionOrderSort (0ms)
		DisableScriptedObjects (11ms)
		BackupInstance (0ms)
		ReleaseScriptingObjects (0ms)
		CreateAndSetChildDomain (49ms)
	RebuildCommonClasses (33ms)
	RebuildNativeTypeToScriptingClass (11ms)
	initialDomainReloadingComplete (33ms)
	LoadAllAssembliesAndSetupDomain (380ms)
		LoadAssemblies (311ms)
		RebuildTransferFunctionScriptingTraits (0ms)
		AnalyzeDomain (151ms)
			TypeCache.Refresh (16ms)
				TypeCache.ScanAssembly (10ms)
			BuildScriptInfoCaches (125ms)
			ResolveRequiredComponents (5ms)
	FinalizeReload (606ms)
		ReleaseScriptCaches (0ms)
		RebuildScriptCaches (0ms)
		SetupLoadedEditorAssemblies (504ms)
			LogAssemblyErrors (0ms)
			InitializePlatformSupportModulesInManaged (8ms)
			SetLoadedEditorAssemblies (2ms)
			BeforeProcessingInitializeOnLoad (94ms)
			ProcessInitializeOnLoadAttributes (363ms)
			ProcessInitializeOnLoadMethodAttributes (29ms)
			AfterProcessingInitializeOnLoad (7ms)
			EditorAssembliesLoaded (0ms)
		ExecutionOrderSort2 (0ms)
		AwakeInstancesAfterBackupRestoration (5ms)
Refreshing native plugins compatible for Editor in 1.77 ms, found 4 plugins.
Preloading 0 native plugins for Editor in 0.00 ms.
Unloading 8 Unused Serialized files (Serialized files now loaded: 0)
Unloading 5173 unused Assets / (1.5 MB). Loaded Objects now: 5783.
Memory consumption went from 104.1 MB to 102.6 MB.
Total: 7.661100 ms (FindLiveObjects: 0.530300 ms CreateObjectMapping: 0.820700 ms MarkObjects: 4.866300 ms  DeleteObjects: 1.443100 ms)

Prepare: number of updated asset objects reloaded= 0
========================================================================
Received Import Request.
  Time since last request: 380.077197 seconds.
  path: Assets/PlatformerSet1/Scene
  artifactKey: Guid(beb4ccb91a6241c4ebb130252e879892) Importer(815301076,1909f56bfc062723c751e8b465ee728b)
Start importing Assets/PlatformerSet1/Scene using Guid(beb4ccb91a6241c4ebb130252e879892) Importer(815301076,1909f56bfc062723c751e8b465ee728b) (PreviewImporter) -> (artifact id: 'db1eeaa5970f861b76ad77db12dc8ca6') in 0.0015856 seconds
Number of updated asset objects reloaded before import = 0Number of asset objects unloaded after import = 0

========================================================================
Received Import Request.
  Time since last request: 0.671053 seconds.
  path: Assets/PlatformerSet1/Scene/Demo.unity
  artifactKey: Guid(5afe6894a41ae674bb9f35073d2f3175) Importer(815301076,1909f56bfc062723c751e8b465ee728b)
Start importing Assets/PlatformerSet1/Scene/Demo.unity using Guid(5afe6894a41ae674bb9f35073d2f3175) Importer(815301076,1909f56bfc062723c751e8b465ee728b) (PreviewImporter) -> (artifact id: '97905b87771c37894eaa58c1faec937a') in 0.0006831 seconds
Number of updated asset objects reloaded before import = 0Number of asset objects unloaded after import = 0

========================================================================
Received Import Request.
  Time since last request: 12.683464 seconds.
  path: Assets/Scenes/InGame.unity
  artifactKey: Guid(2cda990e2423bbf4892e6590ba056729) Importer(815301076,1909f56bfc062723c751e8b465ee728b)
Start importing Assets/Scenes/InGame.unity using Guid(2cda990e2423bbf4892e6590ba056729) Importer(815301076,1909f56bfc062723c751e8b465ee728b) (PreviewImporter) -> (artifact id: '55b264b4a8d6e3a92e3c223b3bfb2971') in 0.0005059 seconds
Number of updated asset objects reloaded before import = 0Number of asset objects unloaded after import = 0

========================================================================
Received Import Request.
  Time since last request: 16.873209 seconds.
  path: Assets/PlatformerSet1/AnimCharacter/attack-02.png
  artifactKey: Guid(9a20c343a03a6e54a9a3c14e4ed48626) Importer(815301076,1909f56bfc062723c751e8b465ee728b)
Start importing Assets/PlatformerSet1/AnimCharacter/attack-02.png using Guid(9a20c343a03a6e54a9a3c14e4ed48626) Importer(815301076,1909f56bfc062723c751e8b465ee728b) (PreviewImporter) -> (artifact id: '63c00c495dff731c3110bbc9d873fa7a') in 0.0559466 seconds
Number of updated asset objects reloaded before import = 0Number of asset objects unloaded after import = 3

========================================================================
Received Import Request.
  Time since last request: 0.376230 seconds.
  path: Assets/PlatformerSet1/AnimCharacter/attack-01.png
  artifactKey: Guid(d158b158ee8df3a44b010b2fb940c02d) Importer(815301076,1909f56bfc062723c751e8b465ee728b)
Start importing Assets/PlatformerSet1/AnimCharacter/attack-01.png using Guid(d158b158ee8df3a44b010b2fb940c02d) Importer(815301076,1909f56bfc062723c751e8b465ee728b) (PreviewImporter) -> (artifact id: 'f0cf7628f6deb58983a2579c6af8d0b5') in 0.0165303 seconds
Number of updated asset objects reloaded before import = 0Number of asset objects unloaded after import = 3

========================================================================
Received Import Request.
  Time since last request: 1.639593 seconds.
  path: Assets/PlatformerSet1/AnimCharacter/attack-08-continue.png
  artifactKey: Guid(5a90aedfd7cdeec4898996cc04258783) Importer(815301076,1909f56bfc062723c751e8b465ee728b)
Start importing Assets/PlatformerSet1/AnimCharacter/attack-08-continue.png using Guid(5a90aedfd7cdeec4898996cc04258783) Importer(815301076,1909f56bfc062723c751e8b465ee728b) (PreviewImporter) -> (artifact id: 'cc1bf91bed895b17fa8801fea26cef64') in 0.0156527 seconds
Number of updated asset objects reloaded before import = 0Number of asset objects unloaded after import = 3

========================================================================
Received Import Request.
  Time since last request: 4.180049 seconds.
  path: Assets/PlatformerSet1/AnimCharacter/idle-06.png
  artifactKey: Guid(22656dcc5c808d844bb94f30be5c74d1) Importer(815301076,1909f56bfc062723c751e8b465ee728b)
Start importing Assets/PlatformerSet1/AnimCharacter/idle-06.png using Guid(22656dcc5c808d844bb94f30be5c74d1) Importer(815301076,1909f56bfc062723c751e8b465ee728b) (PreviewImporter) -> (artifact id: 'b27dd41c551b4b0ee695f9ea350a86df') in 0.0150204 seconds
Number of updated asset objects reloaded before import = 0Number of asset objects unloaded after import = 3

========================================================================
Received Import Request.
  Time since last request: 0.472304 seconds.
  path: Assets/PlatformerSet1/AnimCharacter/idle-03.png
  artifactKey: Guid(a8e288923c970694791ff016139f47c2) Importer(815301076,1909f56bfc062723c751e8b465ee728b)
Start importing Assets/PlatformerSet1/AnimCharacter/idle-03.png using Guid(a8e288923c970694791ff016139f47c2) Importer(815301076,1909f56bfc062723c751e8b465ee728b) (PreviewImporter) -> (artifact id: 'e074dd08d1e7472845abe9c057987ddc') in 0.0164832 seconds
Number of updated asset objects reloaded before import = 0Number of asset objects unloaded after import = 3

========================================================================
Received Import Request.
  Time since last request: 0.405763 seconds.
  path: Assets/PlatformerSet1/AnimCharacter/jump-landing-01.png
  artifactKey: Guid(0984a7b4063a8a34d861af8c0fa3e018) Importer(815301076,1909f56bfc062723c751e8b465ee728b)
Start importing Assets/PlatformerSet1/AnimCharacter/jump-landing-01.png using Guid(0984a7b4063a8a34d861af8c0fa3e018) Importer(815301076,1909f56bfc062723c751e8b465ee728b) (PreviewImporter) -> (artifact id: '2fff63d9334db28f83510d8e400dc48c') in 0.0152357 seconds
Number of updated asset objects reloaded before import = 0Number of asset objects unloaded after import = 3

========================================================================
Received Import Request.
  Time since last request: 0.353532 seconds.
  path: Assets/PlatformerSet1/AnimCharacter/run-03.png
  artifactKey: Guid(cfd99eef5629f5e4cbe78bd3376714fd) Importer(815301076,1909f56bfc062723c751e8b465ee728b)
Start importing Assets/PlatformerSet1/AnimCharacter/run-03.png using Guid(cfd99eef5629f5e4cbe78bd3376714fd) Importer(815301076,1909f56bfc062723c751e8b465ee728b) (PreviewImporter) -> (artifact id: '3c4a82303bd2954a030dfba2fe596552') in 0.0155377 seconds
Number of updated asset objects reloaded before import = 0Number of asset objects unloaded after import = 3

========================================================================
Received Import Request.
  Time since last request: 0.319229 seconds.
  path: Assets/PlatformerSet1/AnimCharacter/run-06.png
  artifactKey: Guid(e07e6ac5c1a771047992af284fffad1a) Importer(815301076,1909f56bfc062723c751e8b465ee728b)
Start importing Assets/PlatformerSet1/AnimCharacter/run-06.png using Guid(e07e6ac5c1a771047992af284fffad1a) Importer(815301076,1909f56bfc062723c751e8b465ee728b) (PreviewImporter) -> (artifact id: '638e4f85425dc0681855e424c45bd56e') in 0.0140611 seconds
Number of updated asset objects reloaded before import = 0Number of asset objects unloaded after import = 3

========================================================================
Received Import Request.
  Time since last request: 0.805595 seconds.
  path: Assets/PlatformerSet1/AnimCharacter/jump-landing-03.png
  artifactKey: Guid(8201072009f86cc42baed2c4a83a955c) Importer(815301076,1909f56bfc062723c751e8b465ee728b)
Start importing Assets/PlatformerSet1/AnimCharacter/jump-landing-03.png using Guid(8201072009f86cc42baed2c4a83a955c) Importer(815301076,1909f56bfc062723c751e8b465ee728b) (PreviewImporter) -> (artifact id: '0c56d9f8c38f4a3e1705136f2ea34c01') in 0.0166524 seconds
Number of updated asset objects reloaded before import = 0Number of asset objects unloaded after import = 3

========================================================================
Received Import Request.
  Time since last request: 0.598787 seconds.
  path: Assets/PlatformerSet1/AnimCharacter/jump-landing-02.png
  artifactKey: Guid(597769dfa50f898449f4bf6e9dbe5bcb) Importer(815301076,1909f56bfc062723c751e8b465ee728b)
Start importing Assets/PlatformerSet1/AnimCharacter/jump-landing-02.png using Guid(597769dfa50f898449f4bf6e9dbe5bcb) Importer(815301076,1909f56bfc062723c751e8b465ee728b) (PreviewImporter) -> (artifact id: 'bac051e1ab9976315ae71281bce72f19') in 0.0156915 seconds
Number of updated asset objects reloaded before import = 0Number of asset objects unloaded after import = 3

========================================================================
Received Import Request.
  Time since last request: 0.327905 seconds.
  path: Assets/PlatformerSet1/AnimCharacter/jump-02.png
  artifactKey: Guid(64940212aca10e546ae036b96cc8933a) Importer(815301076,1909f56bfc062723c751e8b465ee728b)
Start importing Assets/PlatformerSet1/AnimCharacter/jump-02.png using Guid(64940212aca10e546ae036b96cc8933a) Importer(815301076,1909f56bfc062723c751e8b465ee728b) (PreviewImporter) -> (artifact id: '38d2192a6430f4d038b32a2effc9f56d') in 0.0166371 seconds
Number of updated asset objects reloaded before import = 0Number of asset objects unloaded after import = 3

========================================================================
Received Import Request.
  Time since last request: 0.349619 seconds.
  path: Assets/PlatformerSet1/AnimCharacter/jump-01.png
  artifactKey: Guid(71a20340449671f48b902334bc6b5993) Importer(815301076,1909f56bfc062723c751e8b465ee728b)
Start importing Assets/PlatformerSet1/AnimCharacter/jump-01.png using Guid(71a20340449671f48b902334bc6b5993) Importer(815301076,1909f56bfc062723c751e8b465ee728b) (PreviewImporter) -> (artifact id: '5b79e062731bab25876c0667b8f4c35e') in 0.0133118 seconds
Number of updated asset objects reloaded before import = 0Number of asset objects unloaded after import = 3

========================================================================
Received Import Request.
  Time since last request: 3.570732 seconds.
  path: Assets/PlatformerSet1/01 background.png
  artifactKey: Guid(543fff9c6bee69649a543666c301ca86) Importer(815301076,1909f56bfc062723c751e8b465ee728b)
Start importing Assets/PlatformerSet1/01 background.png using Guid(543fff9c6bee69649a543666c301ca86) Importer(815301076,1909f56bfc062723c751e8b465ee728b) (PreviewImporter) -> (artifact id: 'ed97223ac3b725ed64ab59b5ee986a96') in 0.0201785 seconds
Number of updated asset objects reloaded before import = 0Number of asset objects unloaded after import = 3

========================================================================
Received Import Request.
  Time since last request: 0.582496 seconds.
  path: Assets/PlatformerSet1/02 background.png
  artifactKey: Guid(0ff110103311344449b3b91008a97905) Importer(815301076,1909f56bfc062723c751e8b465ee728b)
Start importing Assets/PlatformerSet1/02 background.png using Guid(0ff110103311344449b3b91008a97905) Importer(815301076,1909f56bfc062723c751e8b465ee728b) (PreviewImporter) -> (artifact id: '97b463f0e4d2926d573d4f0336082c20') in 0.0182975 seconds
Number of updated asset objects reloaded before import = 0Number of asset objects unloaded after import = 3

========================================================================
Received Import Request.
  Time since last request: 2.328730 seconds.
  path: Assets/PlatformerSet1/03 background A.png
  artifactKey: Guid(eb06709a3d006f5448d017252797e8a4) Importer(815301076,1909f56bfc062723c751e8b465ee728b)
Start importing Assets/PlatformerSet1/03 background A.png using Guid(eb06709a3d006f5448d017252797e8a4) Importer(815301076,1909f56bfc062723c751e8b465ee728b) (PreviewImporter) -> (artifact id: '4f21d95b54260ff6438e4ee7e66ea70c') in 0.0189463 seconds
Number of updated asset objects reloaded before import = 0Number of asset objects unloaded after import = 3

========================================================================
Received Import Request.
  Time since last request: 0.544179 seconds.
  path: Assets/PlatformerSet1/03 background B.png
  artifactKey: Guid(671c2728bfbe13e4a908a31d4b0a22fc) Importer(815301076,1909f56bfc062723c751e8b465ee728b)
Start importing Assets/PlatformerSet1/03 background B.png using Guid(671c2728bfbe13e4a908a31d4b0a22fc) Importer(815301076,1909f56bfc062723c751e8b465ee728b) (PreviewImporter) -> (artifact id: '2cea89faa341df08243b9bdd403040d4') in 0.0167902 seconds
Number of updated asset objects reloaded before import = 0Number of asset objects unloaded after import = 3

========================================================================
Received Import Request.
  Time since last request: 0.981365 seconds.
  path: Assets/PlatformerSet1/04 background.png
  artifactKey: Guid(048637bba7f02c8499a2dfc07ecc075f) Importer(815301076,1909f56bfc062723c751e8b465ee728b)
Start importing Assets/PlatformerSet1/04 background.png using Guid(048637bba7f02c8499a2dfc07ecc075f) Importer(815301076,1909f56bfc062723c751e8b465ee728b) (PreviewImporter) -> (artifact id: '88f2f0b3a29e876702ccef25cf766dd4') in 0.0187886 seconds
Number of updated asset objects reloaded before import = 0Number of asset objects unloaded after import = 3

========================================================================
Received Import Request.
  Time since last request: 0.428227 seconds.
  path: Assets/PlatformerSet1/05 background.png
  artifactKey: Guid(7856ff2c37949ad4d9e77bec3b91e755) Importer(815301076,1909f56bfc062723c751e8b465ee728b)
Start importing Assets/PlatformerSet1/05 background.png using Guid(7856ff2c37949ad4d9e77bec3b91e755) Importer(815301076,1909f56bfc062723c751e8b465ee728b) (PreviewImporter) -> (artifact id: '52fb077e855afbd17a16c9a40a96ada7') in 0.0168046 seconds
Number of updated asset objects reloaded before import = 0Number of asset objects unloaded after import = 3

========================================================================
Received Import Request.
  Time since last request: 0.453630 seconds.
  path: Assets/PlatformerSet1/main_lev_build.png
  artifactKey: Guid(6d28f55f1b0572546b2632db94416d69) Importer(815301076,1909f56bfc062723c751e8b465ee728b)
Start importing Assets/PlatformerSet1/main_lev_build.png using Guid(6d28f55f1b0572546b2632db94416d69) Importer(815301076,1909f56bfc062723c751e8b465ee728b) (PreviewImporter) -> (artifact id: '54167dba369cd99218f6fbe279a6ce27') in 0.0220542 seconds
Number of updated asset objects reloaded before import = 0Number of asset objects unloaded after import = 3

========================================================================
Received Import Request.
  Time since last request: 1.179037 seconds.
  path: Assets/PlatformerSet1/other_and_decorative.png
  artifactKey: Guid(fc125cd2b902af1428138adb4c7f6ec4) Importer(815301076,1909f56bfc062723c751e8b465ee728b)
Start importing Assets/PlatformerSet1/other_and_decorative.png using Guid(fc125cd2b902af1428138adb4c7f6ec4) Importer(815301076,1909f56bfc062723c751e8b465ee728b) (PreviewImporter) -> (artifact id: '89d89232d673dfef7a1a6cf2961edfe0') in 0.0214179 seconds
Number of updated asset objects reloaded before import = 0Number of asset objects unloaded after import = 3

========================================================================
Received Import Request.
  Time since last request: 103.003733 seconds.
  path: Assets/PlatformerSet1/Animated
  artifactKey: Guid(1e88c0f0f91594e43804383a2104812c) Importer(815301076,1909f56bfc062723c751e8b465ee728b)
Start importing Assets/PlatformerSet1/Animated using Guid(1e88c0f0f91594e43804383a2104812c) Importer(815301076,1909f56bfc062723c751e8b465ee728b) (PreviewImporter) -> (artifact id: '3f497adc250e885cb844bdef7df96832') in 0.000664 seconds
Number of updated asset objects reloaded before import = 0Number of asset objects unloaded after import = 0

========================================================================
Received Import Request.
  Time since last request: 1.487066 seconds.
  path: Assets/PlatformerSet1/Animated/light-01.png
  artifactKey: Guid(ac7afdfbc618d124f826084a1e54b5ad) Importer(815301076,1909f56bfc062723c751e8b465ee728b)
Start importing Assets/PlatformerSet1/Animated/light-01.png using Guid(ac7afdfbc618d124f826084a1e54b5ad) Importer(815301076,1909f56bfc062723c751e8b465ee728b) (PreviewImporter) -> (artifact id: 'a8ed596e75f903898f50498717d945ca') in 0.0157378 seconds
Number of updated asset objects reloaded before import = 0Number of asset objects unloaded after import = 3

========================================================================
Received Import Request.
  Time since last request: 0.788844 seconds.
  path: Assets/PlatformerSet1/Animated/light-02.png
  artifactKey: Guid(7d7b67b4e59bbc74d81d62962e118570) Importer(815301076,1909f56bfc062723c751e8b465ee728b)
Start importing Assets/PlatformerSet1/Animated/light-02.png using Guid(7d7b67b4e59bbc74d81d62962e118570) Importer(815301076,1909f56bfc062723c751e8b465ee728b) (PreviewImporter) -> (artifact id: 'be93b223c8ab8bb4be2b393b63e0e160') in 0.014314 seconds
Number of updated asset objects reloaded before import = 0Number of asset objects unloaded after import = 3

========================================================================
Received Import Request.
  Time since last request: 0.314360 seconds.
  path: Assets/PlatformerSet1/Animated/torch-A-03.png
  artifactKey: Guid(153d88c4f31c10746aeec324851a95d0) Importer(815301076,1909f56bfc062723c751e8b465ee728b)
Start importing Assets/PlatformerSet1/Animated/torch-A-03.png using Guid(153d88c4f31c10746aeec324851a95d0) Importer(815301076,1909f56bfc062723c751e8b465ee728b) (PreviewImporter) -> (artifact id: '03f73becf71ce01caaef66f181f37d78') in 0.0168788 seconds
Number of updated asset objects reloaded before import = 0Number of asset objects unloaded after import = 3

========================================================================
Received Import Request.
  Time since last request: 0.234851 seconds.
  path: Assets/PlatformerSet1/Animated/torch-C-01.png
  artifactKey: Guid(80639418a069e3147bff7c5c3e2618cc) Importer(815301076,1909f56bfc062723c751e8b465ee728b)
Start importing Assets/PlatformerSet1/Animated/torch-C-01.png using Guid(80639418a069e3147bff7c5c3e2618cc) Importer(815301076,1909f56bfc062723c751e8b465ee728b) (PreviewImporter) -> (artifact id: '70e30e9a8d7f116b1d25f77eaa2f3d6a') in 0.0146224 seconds
Number of updated asset objects reloaded before import = 0Number of asset objects unloaded after import = 3

========================================================================
Received Import Request.
  Time since last request: 0.498371 seconds.
  path: Assets/PlatformerSet1/Animated/torch-B-01.png
  artifactKey: Guid(58d0cdf51a6f8784d95187054a10ab9f) Importer(815301076,1909f56bfc062723c751e8b465ee728b)
Start importing Assets/PlatformerSet1/Animated/torch-B-01.png using Guid(58d0cdf51a6f8784d95187054a10ab9f) Importer(815301076,1909f56bfc062723c751e8b465ee728b) (PreviewImporter) -> (artifact id: 'd3fa2ad507e743d2aa8c05383eb78569') in 0.015568 seconds
Number of updated asset objects reloaded before import = 0Number of asset objects unloaded after import = 3

========================================================================
Received Import Request.
  Time since last request: 0.303610 seconds.
  path: Assets/PlatformerSet1/Animated/torch-C-04.png
  artifactKey: Guid(aa29ff8d97b59d04080af7cbb125622e) Importer(815301076,1909f56bfc062723c751e8b465ee728b)
Start importing Assets/PlatformerSet1/Animated/torch-C-04.png using Guid(aa29ff8d97b59d04080af7cbb125622e) Importer(815301076,1909f56bfc062723c751e8b465ee728b) (PreviewImporter) -> (artifact id: '3cecd02d8e774163155f552dc6857ff0') in 0.0156785 seconds
Number of updated asset objects reloaded before import = 0Number of asset objects unloaded after import = 3

========================================================================
Received Import Request.
  Time since last request: 3.966397 seconds.
  path: Assets/PlatformerSet1
  artifactKey: Guid(866452a2bff126749ac4a35bbab11715) Importer(815301076,1909f56bfc062723c751e8b465ee728b)
Start importing Assets/PlatformerSet1 using Guid(866452a2bff126749ac4a35bbab11715) Importer(815301076,1909f56bfc062723c751e8b465ee728b) (PreviewImporter) -> (artifact id: '6e902bdc97c1110349a4dd2103c2d3c6') in 0.0005183 seconds
Number of updated asset objects reloaded before import = 0Number of asset objects unloaded after import = 0

========================================================================
Received Import Request.
  Time since last request: 51.139777 seconds.
  path: Assets/PlatformerSet1/TileSet/New Tile Palette.prefab
  artifactKey: Guid(e27ccf95bd4aae849bb15b2a1e0c689d) Importer(815301076,1909f56bfc062723c751e8b465ee728b)
Start importing Assets/PlatformerSet1/TileSet/New Tile Palette.prefab using Guid(e27ccf95bd4aae849bb15b2a1e0c689d) Importer(815301076,1909f56bfc062723c751e8b465ee728b) (PreviewImporter) -> (artifact id: '0bcde69102a18af95b8c573b893315f9') in 0.0695661 seconds
Number of updated asset objects reloaded before import = 0Number of asset objects unloaded after import = 10

========================================================================
Received Import Request.
  Time since last request: 0.082518 seconds.
  path: Assets/PlatformerSet1/TileSet/New Tile Palette.prefab
  artifactKey: Guid(e27ccf95bd4aae849bb15b2a1e0c689d) Importer(815301076,1909f56bfc062723c751e8b465ee728b)
Start importing Assets/PlatformerSet1/TileSet/New Tile Palette.prefab using Guid(e27ccf95bd4aae849bb15b2a1e0c689d) Importer(815301076,1909f56bfc062723c751e8b465ee728b) (PreviewImporter) -> (artifact id: '0b329f98912f595971365b399e813b64') in 0.0269891 seconds
Number of updated asset objects reloaded before import = 0Number of asset objects unloaded after import = 13

========================================================================
Received Import Request.
  Time since last request: 22.877503 seconds.
  path: Assets/PlatformerSet1/TileSet/main_lev_build.asset
  artifactKey: Guid(ad4c79561cf435d44af2c666062804e6) Importer(815301076,1909f56bfc062723c751e8b465ee728b)
Start importing Assets/PlatformerSet1/TileSet/main_lev_build.asset using Guid(ad4c79561cf435d44af2c666062804e6) Importer(815301076,1909f56bfc062723c751e8b465ee728b) (PreviewImporter) -> (artifact id: '270f363c2cc29eaa7df52333a964a071') in 0.0173826 seconds
Number of updated asset objects reloaded before import = 0Number of asset objects unloaded after import = 3

========================================================================
Received Import Request.
  Time since last request: 24.559103 seconds.
  path: Assets/PlatformerSet1/main_lev_build.png
  artifactKey: Guid(6d28f55f1b0572546b2632db94416d69) Importer(815301076,1909f56bfc062723c751e8b465ee728b)
Start importing Assets/PlatformerSet1/main_lev_build.png using Guid(6d28f55f1b0572546b2632db94416d69) Importer(815301076,1909f56bfc062723c751e8b465ee728b) (PreviewImporter) -> (artifact id: 'ae0501bd212839f6a20ec72739b98ba6') in 0.0155101 seconds
Number of updated asset objects reloaded before import = 0Number of asset objects unloaded after import = 2

========================================================================
Received Import Request.
  Time since last request: 96.374277 seconds.
  path: Assets/PlatformerSet1/main_lev_build.png
  artifactKey: Guid(6d28f55f1b0572546b2632db94416d69) Importer(815301076,1909f56bfc062723c751e8b465ee728b)
Start importing Assets/PlatformerSet1/main_lev_build.png using Guid(6d28f55f1b0572546b2632db94416d69) Importer(815301076,1909f56bfc062723c751e8b465ee728b) (PreviewImporter) -> (artifact id: 'd1fbdf0376c8b353628c6d47f1d8158d') in 0.4249322 seconds
Number of updated asset objects reloaded before import = 0Number of asset objects unloaded after import = 209

========================================================================
Received Import Request.
  Time since last request: 126.259613 seconds.
  path: Assets/PlatformerSet1/main_lev_build.png
  artifactKey: Guid(6d28f55f1b0572546b2632db94416d69) Importer(815301076,1909f56bfc062723c751e8b465ee728b)
Start importing Assets/PlatformerSet1/main_lev_build.png using Guid(6d28f55f1b0572546b2632db94416d69) Importer(815301076,1909f56bfc062723c751e8b465ee728b) (PreviewImporter) -> (artifact id: 'cfe4739bff11b8fc399f54f3b44eee4b') in 0.385474 seconds
Number of updated asset objects reloaded before import = 0Number of asset objects unloaded after import = 209

========================================================================
Received Import Request.
  Time since last request: 3.937811 seconds.
  path: Assets/PlatformerSet1/main_lev_build.png
  artifactKey: Guid(6d28f55f1b0572546b2632db94416d69) Importer(815301076,1909f56bfc062723c751e8b465ee728b)
Start importing Assets/PlatformerSet1/main_lev_build.png using Guid(6d28f55f1b0572546b2632db94416d69) Importer(815301076,1909f56bfc062723c751e8b465ee728b) (PreviewImporter) -> (artifact id: '7f9b63be781d24b6d1c9107a577b04e6') in 0.3859088 seconds
Number of updated asset objects reloaded before import = 0Number of asset objects unloaded after import = 209

========================================================================
Received Import Request.
  Time since last request: 2.230956 seconds.
  path: Assets/PlatformerSet1/main_lev_build.png
  artifactKey: Guid(6d28f55f1b0572546b2632db94416d69) Importer(815301076,1909f56bfc062723c751e8b465ee728b)
Start importing Assets/PlatformerSet1/main_lev_build.png using Guid(6d28f55f1b0572546b2632db94416d69) Importer(815301076,1909f56bfc062723c751e8b465ee728b) (PreviewImporter) -> (artifact id: 'c0ae0fbe42efd7c1759a61278380a45a') in 0.3924712 seconds
Number of updated asset objects reloaded before import = 0Number of asset objects unloaded after import = 209

========================================================================
Received Import Request.
  Time since last request: 43.515718 seconds.
  path: Assets/PlatformerSet1/TileSet
  artifactKey: Guid(805cac6715d04fa4e98e3f23119b0a0a) Importer(815301076,1909f56bfc062723c751e8b465ee728b)
Start importing Assets/PlatformerSet1/TileSet using Guid(805cac6715d04fa4e98e3f23119b0a0a) Importer(815301076,1909f56bfc062723c751e8b465ee728b) (PreviewImporter) -> (artifact id: '32888034665e71153777f3535a146a8e') in 0.0005582 seconds
Number of updated asset objects reloaded before import = 0Number of asset objects unloaded after import = 0

========================================================================
Received Import Request.
  Time since last request: 2.271034 seconds.
  path: Assets/PlatformerSet1/TileSet/main_lev_build.asset
  artifactKey: Guid(ad4c79561cf435d44af2c666062804e6) Importer(815301076,1909f56bfc062723c751e8b465ee728b)
Start importing Assets/PlatformerSet1/TileSet/main_lev_build.asset using Guid(ad4c79561cf435d44af2c666062804e6) Importer(815301076,1909f56bfc062723c751e8b465ee728b) (PreviewImporter) -> (artifact id: '2a8856df23cf16f3df9bad979078d66f') in 0.0040049 seconds
Number of updated asset objects reloaded before import = 0Number of asset objects unloaded after import = 1

========================================================================
Received Import Request.
  Time since last request: 3.681394 seconds.
  path: Assets/PlatformerSet1/TileSet/main_lev_build_206.asset
  artifactKey: Guid(130cf22d106a69a4f827f16ecead2dac) Importer(815301076,1909f56bfc062723c751e8b465ee728b)
Start importing Assets/PlatformerSet1/TileSet/main_lev_build_206.asset using Guid(130cf22d106a69a4f827f16ecead2dac) Importer(815301076,1909f56bfc062723c751e8b465ee728b) (PreviewImporter) -> (artifact id: '68798909ba3aa53e70505e39bf718521') in 0.0138584 seconds
Number of updated asset objects reloaded before import = 0Number of asset objects unloaded after import = 3

========================================================================
Received Import Request.
  Time since last request: 29.605448 seconds.
  path: Assets/PlatformerSet1/main_lev_build.png
  artifactKey: Guid(6d28f55f1b0572546b2632db94416d69) Importer(815301076,1909f56bfc062723c751e8b465ee728b)
Start importing Assets/PlatformerSet1/main_lev_build.png using Guid(6d28f55f1b0572546b2632db94416d69) Importer(815301076,1909f56bfc062723c751e8b465ee728b) (PreviewImporter) -> (artifact id: '2df132ba06efd1af84e12545e3f2ded3') in 0.5899124 seconds
Number of updated asset objects reloaded before import = 0Number of asset objects unloaded after import = 317

========================================================================
Received Import Request.
  Time since last request: 2.453644 seconds.
  path: Assets/PlatformerSet1/main_lev_build.png
  artifactKey: Guid(6d28f55f1b0572546b2632db94416d69) Importer(815301076,1909f56bfc062723c751e8b465ee728b)
Start importing Assets/PlatformerSet1/main_lev_build.png using Guid(6d28f55f1b0572546b2632db94416d69) Importer(815301076,1909f56bfc062723c751e8b465ee728b) (PreviewImporter) -> (artifact id: '862b34411b77ff0fa02795e6e2357a81') in 0.6150045 seconds
Number of updated asset objects reloaded before import = 0Number of asset objects unloaded after import = 317

========================================================================
Received Import Request.
  Time since last request: 1.721607 seconds.
  path: Assets/PlatformerSet1/main_lev_build.png
  artifactKey: Guid(6d28f55f1b0572546b2632db94416d69) Importer(815301076,1909f56bfc062723c751e8b465ee728b)
Start importing Assets/PlatformerSet1/main_lev_build.png using Guid(6d28f55f1b0572546b2632db94416d69) Importer(815301076,1909f56bfc062723c751e8b465ee728b) (PreviewImporter) -> (artifact id: 'fd3ee3aa93c702862de0455bf90bc0bd') in 0.6190627 seconds
Number of updated asset objects reloaded before import = 0Number of asset objects unloaded after import = 317

========================================================================
Received Import Request.
  Time since last request: 40.095293 seconds.
  path: Assets/PlatformerSet1/main_lev_build.png
  artifactKey: Guid(6d28f55f1b0572546b2632db94416d69) Importer(815301076,1909f56bfc062723c751e8b465ee728b)
Start importing Assets/PlatformerSet1/main_lev_build.png using Guid(6d28f55f1b0572546b2632db94416d69) Importer(815301076,1909f56bfc062723c751e8b465ee728b) (PreviewImporter) -> (artifact id: '4a13f2c7f66ff789f09f04a5295e59f8') in 1.4351506 seconds
Number of updated asset objects reloaded before import = 0Number of asset objects unloaded after import = 815

========================================================================
Received Import Request.
  Time since last request: 61.258125 seconds.
  path: Assets/PlatformerSet1/main_lev_build.png
  artifactKey: Guid(6d28f55f1b0572546b2632db94416d69) Importer(815301076,1909f56bfc062723c751e8b465ee728b)
Start importing Assets/PlatformerSet1/main_lev_build.png using Guid(6d28f55f1b0572546b2632db94416d69) Importer(815301076,1909f56bfc062723c751e8b465ee728b) (PreviewImporter) -> (artifact id: '676dbf2fa5e4a956786b01fa1efc122d') in 1.4154937 seconds
Number of updated asset objects reloaded before import = 0Number of asset objects unloaded after import = 815

========================================================================
Received Import Request.
  Time since last request: 223.457361 seconds.
  path: Assets/PlatformerSet1/AnimCharacter
  artifactKey: Guid(f94c06439bfe1d2439838990c204257d) Importer(815301076,1909f56bfc062723c751e8b465ee728b)
Start importing Assets/PlatformerSet1/AnimCharacter using Guid(f94c06439bfe1d2439838990c204257d) Importer(815301076,1909f56bfc062723c751e8b465ee728b) (PreviewImporter) -> (artifact id: '9f2136452658195aded08981a0469d86') in 0.0005922 seconds
Number of updated asset objects reloaded before import = 0Number of asset objects unloaded after import = 0

========================================================================
Received Import Request.
  Time since last request: 80.929939 seconds.
  path: Assets/Cave Platformer Tileset/Enviroment sprite sheets
  artifactKey: Guid(c65d2f203290a084abfbccc857872200) Importer(815301076,1909f56bfc062723c751e8b465ee728b)
Start importing Assets/Cave Platformer Tileset/Enviroment sprite sheets using Guid(c65d2f203290a084abfbccc857872200) Importer(815301076,1909f56bfc062723c751e8b465ee728b) (PreviewImporter) -> (artifact id: 'd1eb6ec5d61acb9dbf4d519b97b7bebd') in 0.0006595 seconds
Number of updated asset objects reloaded before import = 0Number of asset objects unloaded after import = 0

========================================================================
Received Import Request.
  Time since last request: 1.880839 seconds.
  path: Assets/Cave Platformer Tileset/Enviroment sprite sheets/bg_cave_blueish_32x32.png
  artifactKey: Guid(325eba7eb0eae3d49a8dd42758ec7336) Importer(815301076,1909f56bfc062723c751e8b465ee728b)
Start importing Assets/Cave Platformer Tileset/Enviroment sprite sheets/bg_cave_blueish_32x32.png using Guid(325eba7eb0eae3d49a8dd42758ec7336) Importer(815301076,1909f56bfc062723c751e8b465ee728b) (PreviewImporter) -> (artifact id: '42569d78fc9ab6fd882b987f297d26cf') in 0.0354288 seconds
Number of updated asset objects reloaded before import = 0Number of asset objects unloaded after import = 10

========================================================================
Received Import Request.
  Time since last request: 1.954489 seconds.
  path: Assets/Cave Platformer Tileset/Enviroment sprite sheets/bg_cave_blueish_other.png
  artifactKey: Guid(9b722ddbaa4b73440a0f9c11af2cbe75) Importer(815301076,1909f56bfc062723c751e8b465ee728b)
Start importing Assets/Cave Platformer Tileset/Enviroment sprite sheets/bg_cave_blueish_other.png using Guid(9b722ddbaa4b73440a0f9c11af2cbe75) Importer(815301076,1909f56bfc062723c751e8b465ee728b) (PreviewImporter) -> (artifact id: '1e1fb7de39bad21c09b8e7b9a1dbcc9a') in 0.0318822 seconds
Number of updated asset objects reloaded before import = 0Number of asset objects unloaded after import = 5

========================================================================
Received Import Request.
  Time since last request: 0.405272 seconds.
  path: Assets/Cave Platformer Tileset/Enviroment sprite sheets/bg_cave_blueish_32x16.png
  artifactKey: Guid(072ed1ed67b51e24abfd669dbdc9ab7f) Importer(815301076,1909f56bfc062723c751e8b465ee728b)
Start importing Assets/Cave Platformer Tileset/Enviroment sprite sheets/bg_cave_blueish_32x16.png using Guid(072ed1ed67b51e24abfd669dbdc9ab7f) Importer(815301076,1909f56bfc062723c751e8b465ee728b) (PreviewImporter) -> (artifact id: 'fd45a97cb3466e1cc95f78cbfc8e8041') in 0.0463953 seconds
Number of updated asset objects reloaded before import = 0Number of asset objects unloaded after import = 18

========================================================================
Received Import Request.
  Time since last request: 1.082008 seconds.
  path: Assets/Cave Platformer Tileset/Enviroment sprite sheets/bg_cave_greenish_other.png
  artifactKey: Guid(6d45fe9eed71bde49be5d6f24c33288e) Importer(815301076,1909f56bfc062723c751e8b465ee728b)
Start importing Assets/Cave Platformer Tileset/Enviroment sprite sheets/bg_cave_greenish_other.png using Guid(6d45fe9eed71bde49be5d6f24c33288e) Importer(815301076,1909f56bfc062723c751e8b465ee728b) (PreviewImporter) -> (artifact id: 'eca8fbd55d2e6071d9ded824a5145cd7') in 0.0245382 seconds
Number of updated asset objects reloaded before import = 0Number of asset objects unloaded after import = 5

========================================================================
Received Import Request.
  Time since last request: 1.007182 seconds.
  path: Assets/Cave Platformer Tileset/Enviroment sprite sheets/water_animated.png
  artifactKey: Guid(73398d231c2af4d46bd9cf4c231f519e) Importer(815301076,1909f56bfc062723c751e8b465ee728b)
Start importing Assets/Cave Platformer Tileset/Enviroment sprite sheets/water_animated.png using Guid(73398d231c2af4d46bd9cf4c231f519e) Importer(815301076,1909f56bfc062723c751e8b465ee728b) (PreviewImporter) -> (artifact id: '8d68d559cd30cab20af92876cff29640') in 0.0211452 seconds
Number of updated asset objects reloaded before import = 0Number of asset objects unloaded after import = 6

========================================================================
Received Import Request.
  Time since last request: 0.694207 seconds.
  path: Assets/Cave Platformer Tileset/Enviroment sprite sheets/watertile.png
  artifactKey: Guid(e1e39dc6527a022478e6ed34580dc267) Importer(815301076,1909f56bfc062723c751e8b465ee728b)
Start importing Assets/Cave Platformer Tileset/Enviroment sprite sheets/watertile.png using Guid(e1e39dc6527a022478e6ed34580dc267) Importer(815301076,1909f56bfc062723c751e8b465ee728b) (PreviewImporter) -> (artifact id: '5f632c64afe7e91950c6847088d89082') in 0.0188646 seconds
Number of updated asset objects reloaded before import = 0Number of asset objects unloaded after import = 3

========================================================================
Received Import Request.
  Time since last request: 8.537605 seconds.
  path: Assets/Cave Platformer Tileset/Enviroment sprite sheets/cave_tileset.png
  artifactKey: Guid(894640e3f9d838a4499398609b715c7f) Importer(815301076,1909f56bfc062723c751e8b465ee728b)
Start importing Assets/Cave Platformer Tileset/Enviroment sprite sheets/cave_tileset.png using Guid(894640e3f9d838a4499398609b715c7f) Importer(815301076,1909f56bfc062723c751e8b465ee728b) (PreviewImporter) -> (artifact id: '9089df7bc699598ba7d54b9819450570') in 0.2708095 seconds
Number of updated asset objects reloaded before import = 0Number of asset objects unloaded after import = 118

========================================================================
Received Import Request.
  Time since last request: 6.650270 seconds.
  path: Assets/Cave Platformer Tileset/Enviroment sprite sheets/cave_tileset.png
  artifactKey: Guid(894640e3f9d838a4499398609b715c7f) Importer(815301076,1909f56bfc062723c751e8b465ee728b)
Start importing Assets/Cave Platformer Tileset/Enviroment sprite sheets/cave_tileset.png using Guid(894640e3f9d838a4499398609b715c7f) Importer(815301076,1909f56bfc062723c751e8b465ee728b) (PreviewImporter) -> (artifact id: 'bdae8e22a1b20b1f6dfaad4dfaf23645') in 0.2950724 seconds
Number of updated asset objects reloaded before import = 0Number of asset objects unloaded after import = 118

========================================================================
Received Import Request.
  Time since last request: 25.977155 seconds.
  path: Assets/Cave Platformer Tileset/Enviroment sprite sheets/TileSet_Land.prefab
  artifactKey: Guid(e74709effa2fc8349a5f18c8d6e773d9) Importer(815301076,1909f56bfc062723c751e8b465ee728b)
Start importing Assets/Cave Platformer Tileset/Enviroment sprite sheets/TileSet_Land.prefab using Guid(e74709effa2fc8349a5f18c8d6e773d9) Importer(815301076,1909f56bfc062723c751e8b465ee728b) (PreviewImporter) -> (artifact id: '0a2fc402d79b77d0e7c90cf535db06ab') in 0.0518747 seconds
Number of updated asset objects reloaded before import = 0Number of asset objects unloaded after import = 243

========================================================================
Received Import Request.
  Time since last request: 37.628528 seconds.
  path: Assets/Cave Platformer Tileset/Enviroment sprite sheets/parallax_cave_tops.png
  artifactKey: Guid(46d29249821e22746be849e384a14f7c) Importer(815301076,1909f56bfc062723c751e8b465ee728b)
Start importing Assets/Cave Platformer Tileset/Enviroment sprite sheets/parallax_cave_tops.png using Guid(46d29249821e22746be849e384a14f7c) Importer(815301076,1909f56bfc062723c751e8b465ee728b) (PreviewImporter) -> (artifact id: 'd75e4e2d497ad68143d710f47074face') in 0.0190057 seconds
Number of updated asset objects reloaded before import = 0Number of asset objects unloaded after import = 4

========================================================================
Received Import Request.
  Time since last request: 9.987788 seconds.
  path: Assets/Cave Platformer Tileset/Enviroment sprite sheets/tileset-cave_0.asset
  artifactKey: Guid(7d429a577f033ee43baff6d5216c672e) Importer(815301076,1909f56bfc062723c751e8b465ee728b)
Start importing Assets/Cave Platformer Tileset/Enviroment sprite sheets/tileset-cave_0.asset using Guid(7d429a577f033ee43baff6d5216c672e) Importer(815301076,1909f56bfc062723c751e8b465ee728b) (PreviewImporter) -> (artifact id: 'd9f9f9c63d3903234d801054f25b8320') in 0.015142 seconds
Number of updated asset objects reloaded before import = 0Number of asset objects unloaded after import = 3

========================================================================
Received Import Request.
  Time since last request: 8.633083 seconds.
  path: Assets/Cave Platformer Tileset/Enviroment sprite sheets/tile
  artifactKey: Guid(737356db45330644cb9575d1245e6ac7) Importer(815301076,1909f56bfc062723c751e8b465ee728b)
Start importing Assets/Cave Platformer Tileset/Enviroment sprite sheets/tile using Guid(737356db45330644cb9575d1245e6ac7) Importer(815301076,1909f56bfc062723c751e8b465ee728b) (PreviewImporter) -> (artifact id: '1d7c98f7643f2a0b5b215860dfa011d9') in 0.000719 seconds
Number of updated asset objects reloaded before import = 0Number of asset objects unloaded after import = 0

========================================================================
Received Import Request.
  Time since last request: 24.613071 seconds.
  path: Assets/Cave Platformer Tileset/Enviroment sprite sheets/cave_tileset.png
  artifactKey: Guid(894640e3f9d838a4499398609b715c7f) Importer(815301076,1909f56bfc062723c751e8b465ee728b)
Start importing Assets/Cave Platformer Tileset/Enviroment sprite sheets/cave_tileset.png using Guid(894640e3f9d838a4499398609b715c7f) Importer(815301076,1909f56bfc062723c751e8b465ee728b) (PreviewImporter) -> (artifact id: '7bee20360fef11d947e3dfa9205e46b1') in 0.3036353 seconds
Number of updated asset objects reloaded before import = 0Number of asset objects unloaded after import = 118

========================================================================
Received Import Request.
  Time since last request: 5.140672 seconds.
  path: Assets/Cave Platformer Tileset/Enviroment sprite sheets/cave_tileset.png
  artifactKey: Guid(894640e3f9d838a4499398609b715c7f) Importer(815301076,1909f56bfc062723c751e8b465ee728b)
Start importing Assets/Cave Platformer Tileset/Enviroment sprite sheets/cave_tileset.png using Guid(894640e3f9d838a4499398609b715c7f) Importer(815301076,1909f56bfc062723c751e8b465ee728b) (PreviewImporter) -> (artifact id: '0fc27dbb7d0c57d599ec8a7d8f403797') in 0.3148008 seconds
Number of updated asset objects reloaded before import = 0Number of asset objects unloaded after import = 118

========================================================================
Received Import Request.
  Time since last request: 137.089313 seconds.
  path: ProjectSettings/TagManager.asset
  artifactKey: Guid(00000000000000003000000000000000) Importer(815301076,1909f56bfc062723c751e8b465ee728b)
Start importing ProjectSettings/TagManager.asset using Guid(00000000000000003000000000000000) Importer(815301076,1909f56bfc062723c751e8b465ee728b) (PreviewImporter) -> (artifact id: 'be09f2ddbe212c56907233aba085a71d') in 0.0012048 seconds
Number of updated asset objects reloaded before import = 0Number of asset objects unloaded after import = 0

========================================================================
Received Import Request.
  Time since last request: 140.469858 seconds.
  path: Assets/Animation/Player_Idle.anim
  artifactKey: Guid(ed32983610e2c5d47aa43f6fe2cf767e) Importer(815301076,1909f56bfc062723c751e8b465ee728b)
Start importing Assets/Animation/Player_Idle.anim using Guid(ed32983610e2c5d47aa43f6fe2cf767e) Importer(815301076,1909f56bfc062723c751e8b465ee728b) (PreviewImporter) -> (artifact id: '851e0873880b53557ef872f165bf0565') in 0.0015388 seconds
Number of updated asset objects reloaded before import = 0Number of asset objects unloaded after import = 1

========================================================================
Received Import Request.
  Time since last request: 10.360583 seconds.
  path: Assets/Animation/Player_Run.anim
  artifactKey: Guid(48c90cd1703198a4391bc4c4acf22538) Importer(815301076,1909f56bfc062723c751e8b465ee728b)
Start importing Assets/Animation/Player_Run.anim using Guid(48c90cd1703198a4391bc4c4acf22538) Importer(815301076,1909f56bfc062723c751e8b465ee728b) (PreviewImporter) -> (artifact id: '7a108dbca1f244cbf03b72ce8ec6cfaf') in 0.0009364 seconds
Number of updated asset objects reloaded before import = 0Number of asset objects unloaded after import = 1

========================================================================
Received Import Request.
  Time since last request: 27.111327 seconds.
  path: Assets/Animation/Player_Jump.anim
  artifactKey: Guid(33a09a3642cd3bb44b52ab897d459972) Importer(815301076,1909f56bfc062723c751e8b465ee728b)
Start importing Assets/Animation/Player_Jump.anim using Guid(33a09a3642cd3bb44b52ab897d459972) Importer(815301076,1909f56bfc062723c751e8b465ee728b) (PreviewImporter) -> (artifact id: '8df5849cc748b29f4c962e00d730fb96') in 0.0009516 seconds
Number of updated asset objects reloaded before import = 0Number of asset objects unloaded after import = 1

========================================================================
Received Import Request.
  Time since last request: 14.379356 seconds.
  path: Assets/Animation/Player_Landing.anim
  artifactKey: Guid(d3d8879becdde6549895d38370e5d432) Importer(815301076,1909f56bfc062723c751e8b465ee728b)
Start importing Assets/Animation/Player_Landing.anim using Guid(d3d8879becdde6549895d38370e5d432) Importer(815301076,1909f56bfc062723c751e8b465ee728b) (PreviewImporter) -> (artifact id: 'd8fb9b284bedc48c520ea14661ad716b') in 0.001089 seconds
Number of updated asset objects reloaded before import = 0Number of asset objects unloaded after import = 1

========================================================================
Received Prepare
Assembly reference Packages/com.unity.cinemachine/Editor/Samples/ExposeHDRPInternals/HDRP-Editor-ref.asmref has no target assembly definition
Assembly reference Packages/com.unity.cinemachine/Editor/Samples/ExposeHDRPInternals/HDRP-Editor-ref.asmref has no target assembly definition
Begin MonoManager ReloadAssembly
- Loaded All Assemblies, in  0.686 seconds
Assembly reference Packages/com.unity.cinemachine/Editor/Samples/ExposeHDRPInternals/HDRP-Editor-ref.asmref has no target assembly definition
'Packages/com.unity.cinemachine/Editor/Obsolete/CinemachineVirtualCameraBaseEditor.cs' contains partial class of Unity.Object, exactly 1 of the partial classes needs to be in a file with the same filename. This is to know the one that can be referenced from ie. GameObjects
'Packages/com.unity.cinemachine/Editor/Editors/CinemachineVirtualCameraBaseEditor.cs' contains partial class of Unity.Object, exactly 1 of the partial classes needs to be in a file with the same filename. This is to know the one that can be referenced from ie. GameObjects
Refreshing native plugins compatible for Editor in 1.71 ms, found 4 plugins.
Native extension for Android target not found
Native extension for UWP target not found
Native extension for WindowsStandalone target not found
Assembly reference Packages/com.unity.cinemachine/Editor/Samples/ExposeHDRPInternals/HDRP-Editor-ref.asmref has no target assembly definition
[Package Manager] Failed to launch server process. Reason: Unity was launched with the -noUpm command-line argument
[Package Manager] Unable to send message (not connected to server process).
[Package Manager] Cannot connect to Unity Package Manager local server
Mono: successfully reloaded assembly
- Finished resetting the current domain, in  0.743 seconds
Domain Reload Profiling: 1424ms
	BeginReloadAssembly (218ms)
		ExecutionOrderSort (0ms)
		DisableScriptedObjects (11ms)
		BackupInstance (0ms)
		ReleaseScriptingObjects (0ms)
		CreateAndSetChildDomain (67ms)
	RebuildCommonClasses (35ms)
	RebuildNativeTypeToScriptingClass (10ms)
	initialDomainReloadingComplete (27ms)
	LoadAllAssembliesAndSetupDomain (390ms)
		LoadAssemblies (347ms)
		RebuildTransferFunctionScriptingTraits (0ms)
		AnalyzeDomain (139ms)
			TypeCache.Refresh (5ms)
				TypeCache.ScanAssembly (0ms)
			BuildScriptInfoCaches (126ms)
			ResolveRequiredComponents (4ms)
	FinalizeReload (744ms)
		ReleaseScriptCaches (0ms)
		RebuildScriptCaches (0ms)
		SetupLoadedEditorAssemblies (632ms)
			LogAssemblyErrors (0ms)
			InitializePlatformSupportModulesInManaged (9ms)
			SetLoadedEditorAssemblies (6ms)
			BeforeProcessingInitializeOnLoad (121ms)
			ProcessInitializeOnLoadAttributes (455ms)
			ProcessInitializeOnLoadMethodAttributes (34ms)
			AfterProcessingInitializeOnLoad (7ms)
			EditorAssembliesLoaded (0ms)
		ExecutionOrderSort2 (0ms)
		AwakeInstancesAfterBackupRestoration (7ms)
Refreshing native plugins compatible for Editor in 2.46 ms, found 4 plugins.
Preloading 0 native plugins for Editor in 0.00 ms.
Unloading 8 Unused Serialized files (Serialized files now loaded: 0)
Unloading 5174 unused Assets / (1.7 MB). Loaded Objects now: 5866.
Memory consumption went from 107.3 MB to 105.6 MB.
Total: 7.999800 ms (FindLiveObjects: 0.869400 ms CreateObjectMapping: 0.867200 ms MarkObjects: 4.892000 ms  DeleteObjects: 1.370500 ms)

Prepare: number of updated asset objects reloaded= 0
========================================================================
Received Prepare
Assembly reference Packages/com.unity.cinemachine/Editor/Samples/ExposeHDRPInternals/HDRP-Editor-ref.asmref has no target assembly definition
Assembly reference Packages/com.unity.cinemachine/Editor/Samples/ExposeHDRPInternals/HDRP-Editor-ref.asmref has no target assembly definition
Begin MonoManager ReloadAssembly
- Loaded All Assemblies, in  0.585 seconds
Assembly reference Packages/com.unity.cinemachine/Editor/Samples/ExposeHDRPInternals/HDRP-Editor-ref.asmref has no target assembly definition
'Packages/com.unity.cinemachine/Editor/Obsolete/CinemachineVirtualCameraBaseEditor.cs' contains partial class of Unity.Object, exactly 1 of the partial classes needs to be in a file with the same filename. This is to know the one that can be referenced from ie. GameObjects
'Packages/com.unity.cinemachine/Editor/Editors/CinemachineVirtualCameraBaseEditor.cs' contains partial class of Unity.Object, exactly 1 of the partial classes needs to be in a file with the same filename. This is to know the one that can be referenced from ie. GameObjects
Refreshing native plugins compatible for Editor in 1.93 ms, found 4 plugins.
Native extension for Android target not found
Native extension for UWP target not found
Native extension for WindowsStandalone target not found
Assembly reference Packages/com.unity.cinemachine/Editor/Samples/ExposeHDRPInternals/HDRP-Editor-ref.asmref has no target assembly definition
[Package Manager] Failed to launch server process. Reason: Unity was launched with the -noUpm command-line argument
[Package Manager] Unable to send message (not connected to server process).
[Package Manager] Cannot connect to Unity Package Manager local server
Mono: successfully reloaded assembly
- Finished resetting the current domain, in  0.662 seconds
Domain Reload Profiling: 1245ms
	BeginReloadAssembly (184ms)
		ExecutionOrderSort (0ms)
		DisableScriptedObjects (11ms)
		BackupInstance (0ms)
		ReleaseScriptingObjects (0ms)
		CreateAndSetChildDomain (48ms)
	RebuildCommonClasses (31ms)
	RebuildNativeTypeToScriptingClass (12ms)
	initialDomainReloadingComplete (23ms)
	LoadAllAssembliesAndSetupDomain (332ms)
		LoadAssemblies (282ms)
		RebuildTransferFunctionScriptingTraits (0ms)
		AnalyzeDomain (131ms)
			TypeCache.Refresh (5ms)
				TypeCache.ScanAssembly (0ms)
			BuildScriptInfoCaches (119ms)
			ResolveRequiredComponents (5ms)
	FinalizeReload (662ms)
		ReleaseScriptCaches (0ms)
		RebuildScriptCaches (0ms)
		SetupLoadedEditorAssemblies (556ms)
			LogAssemblyErrors (0ms)
			InitializePlatformSupportModulesInManaged (9ms)
			SetLoadedEditorAssemblies (3ms)
			BeforeProcessingInitializeOnLoad (101ms)
			ProcessInitializeOnLoadAttributes (398ms)
			ProcessInitializeOnLoadMethodAttributes (37ms)
			AfterProcessingInitializeOnLoad (6ms)
			EditorAssembliesLoaded (0ms)
		ExecutionOrderSort2 (0ms)
		AwakeInstancesAfterBackupRestoration (6ms)
Refreshing native plugins compatible for Editor in 1.99 ms, found 4 plugins.
Preloading 0 native plugins for Editor in 0.00 ms.
Unloading 8 Unused Serialized files (Serialized files now loaded: 0)
Unloading 5173 unused Assets / (1.9 MB). Loaded Objects now: 5868.
Memory consumption went from 107.5 MB to 105.5 MB.
Total: 8.610500 ms (FindLiveObjects: 0.593100 ms CreateObjectMapping: 0.797300 ms MarkObjects: 5.146500 ms  DeleteObjects: 2.072700 ms)

Prepare: number of updated asset objects reloaded= 0
