Using pre-set license
Built from '6000.0/staging' branch; Version is '6000.0.40f1 (157d81624ddf) revision 1408385'; Using compiler version '193933523'; Build Type 'Release'
OS: 'Windows 11  (10.0.26100) 64bit Professional' Language: 'ko' Physical Memory: 32397 MB
BatchMode: 1, IsHumanControllingUs: 0, StartBugReporterOnCrash: 0, Is64bit: 1, IsPro: 1

COMMAND LINE ARGUMENTS:
C:\Program Files\Unity\Hub\Editor\6000.0.40f1\Editor\Unity.exe
-adb2
-batchMode
-noUpm
-name
AssetImportWorker1
-projectPath
C:/Users/asdgh/OneDrive/바탕 화면/Study/UnityStudy/UnityGameDisignPattern
-logFile
Logs/AssetImportWorker1.log
-srvPort
51171
-job-worker-count
5
-background-job-worker-count
8
-gc-helper-count
1
Successfully changed project path to: C:/Users/asdgh/OneDrive/바탕 화면/Study/UnityStudy/UnityGameDisignPattern
C:/Users/asdgh/OneDrive/바탕 화면/Study/UnityStudy/UnityGameDisignPattern
[UnityMemory] Configuration Parameters - Can be set up in boot.config
    "memorysetup-bucket-allocator-granularity=16"
    "memorysetup-bucket-allocator-bucket-count=8"
    "memorysetup-bucket-allocator-block-size=33554432"
    "memorysetup-bucket-allocator-block-count=8"
    "memorysetup-main-allocator-block-size=16777216"
    "memorysetup-thread-allocator-block-size=16777216"
    "memorysetup-gfx-main-allocator-block-size=16777216"
    "memorysetup-gfx-thread-allocator-block-size=16777216"
    "memorysetup-cache-allocator-block-size=4194304"
    "memorysetup-typetree-allocator-block-size=2097152"
    "memorysetup-profiler-bucket-allocator-granularity=16"
    "memorysetup-profiler-bucket-allocator-bucket-count=8"
    "memorysetup-profiler-bucket-allocator-block-size=33554432"
    "memorysetup-profiler-bucket-allocator-block-count=8"
    "memorysetup-profiler-allocator-block-size=16777216"
    "memorysetup-profiler-editor-allocator-block-size=1048576"
    "memorysetup-temp-allocator-size-main=16777216"
    "memorysetup-job-temp-allocator-block-size=2097152"
    "memorysetup-job-temp-allocator-block-size-background=1048576"
    "memorysetup-job-temp-allocator-reduction-small-platforms=262144"
    "memorysetup-allocator-temp-initial-block-size-main=262144"
    "memorysetup-allocator-temp-initial-block-size-worker=262144"
    "memorysetup-temp-allocator-size-background-worker=32768"
    "memorysetup-temp-allocator-size-job-worker=262144"
    "memorysetup-temp-allocator-size-preload-manager=33554432"
    "memorysetup-temp-allocator-size-nav-mesh-worker=65536"
    "memorysetup-temp-allocator-size-audio-worker=65536"
    "memorysetup-temp-allocator-size-cloud-worker=32768"
    "memorysetup-temp-allocator-size-gi-baking-worker=262144"
    "memorysetup-temp-allocator-size-gi-baking-worker=262144"
    "memorysetup-temp-allocator-size-gi-baking-worker=262144"
    "memorysetup-temp-allocator-size-gi-baking-worker=262144"
    "memorysetup-temp-allocator-size-gi-baking-worker=262144"
    "memorysetup-temp-allocator-size-gfx=262144"
Player connection [2672]  Target information:

Player connection [2672]  * "[IP] 121.179.63.129 [Port] 0 [Flags] 2 [Guid] 2930655976 [EditorId] 2930655976 [Version] 1048832 [Id] WindowsEditor(7,SangWon) [Debug] 1 [PackageName] WindowsEditor [ProjectName] Editor" 

Player connection [2672] Host joined multi-casting on [225.0.0.222:54997]...
Player connection [2672] Host joined alternative multi-casting on [225.0.0.222:34997]...
JobSystem: Creating JobQueue using job-worker-count value 5
Input System module state changed to: Initialized.
[Physics::Module] Initialized fallback backend.
[Physics::Module] Id: 0xdecafbad
Library Redirect Path: Library/
[Physics::Module] Selected backend.
[Physics::Module] Name: PhysX
[Physics::Module] Id: 0xf2b8ea05
[Physics::Module] SDK Version: 4.1.2
[Physics::Module] Integration Version: 1.0.0
[Physics::Module] Threading Mode: Multi-Threaded
Refreshing native plugins compatible for Editor in 1.63 ms, found 3 plugins.
Preloading 0 native plugins for Editor in 0.00 ms.
Initialize engine version: 6000.0.40f1 (157d81624ddf)
[Subsystems] Discovering subsystems at path C:/Program Files/Unity/Hub/Editor/6000.0.40f1/Editor/Data/Resources/UnitySubsystems
[Subsystems] Discovering subsystems at path C:/Users/asdgh/OneDrive/바탕 화면/Study/UnityStudy/UnityGameDisignPattern/Assets
GfxDevice: creating device client; kGfxThreadingModeNonThreaded
Direct3D:
    Version:  Direct3D 11.0 [level 11.1]
    Renderer: NVIDIA GeForce RTX 4060 Ti (ID=0x2803)
    Vendor:   NVIDIA
    VRAM:     7949 MB
    Driver:   32.0.15.6636
Initialize mono
Mono path[0] = 'C:/Program Files/Unity/Hub/Editor/6000.0.40f1/Editor/Data/Managed'
Mono path[1] = 'C:/Program Files/Unity/Hub/Editor/6000.0.40f1/Editor/Data/MonoBleedingEdge/lib/mono/unityjit-win32'
Mono config path = 'C:/Program Files/Unity/Hub/Editor/6000.0.40f1/Editor/Data/MonoBleedingEdge/etc'
Using monoOptions --debugger-agent=transport=dt_socket,embedding=1,server=y,suspend=n,address=127.0.0.1:56764
Begin MonoManager ReloadAssembly
Registering precompiled unity dll's ...
Register platform support module: C:/Program Files/Unity/Hub/Editor/6000.0.40f1/Editor/Data/PlaybackEngines/WebGLSupport/UnityEditor.WebGL.Extensions.dll
Register platform support module: C:/Program Files/Unity/Hub/Editor/6000.0.40f1/Editor/Data/PlaybackEngines/WindowsStandaloneSupport/UnityEditor.WindowsStandalone.Extensions.dll
Register platform support module: C:/Program Files/Unity/Hub/Editor/6000.0.40f1/Editor/Data/PlaybackEngines/MetroSupport/UnityEditor.UWP.Extensions.dll
Register platform support module: C:/Program Files/Unity/Hub/Editor/6000.0.40f1/Editor/Data/PlaybackEngines/AndroidPlayer/UnityEditor.Android.Extensions.dll
Registered in 0.005115 seconds.
- Loaded All Assemblies, in  0.380 seconds
Native extension for Android target not found
Android Extension - Scanning For ADB Devices 248 ms
Native extension for UWP target not found
Native extension for WindowsStandalone target not found
Native extension for WebGL target not found
Mono: successfully reloaded assembly
- Finished resetting the current domain, in  0.582 seconds
Domain Reload Profiling: 959ms
	BeginReloadAssembly (130ms)
		ExecutionOrderSort (0ms)
		DisableScriptedObjects (0ms)
		BackupInstance (0ms)
		ReleaseScriptingObjects (0ms)
		CreateAndSetChildDomain (1ms)
	RebuildCommonClasses (32ms)
	RebuildNativeTypeToScriptingClass (11ms)
	initialDomainReloadingComplete (46ms)
	LoadAllAssembliesAndSetupDomain (158ms)
		LoadAssemblies (129ms)
		RebuildTransferFunctionScriptingTraits (0ms)
		AnalyzeDomain (153ms)
			TypeCache.Refresh (152ms)
				TypeCache.ScanAssembly (139ms)
			BuildScriptInfoCaches (0ms)
			ResolveRequiredComponents (1ms)
	FinalizeReload (582ms)
		ReleaseScriptCaches (0ms)
		RebuildScriptCaches (0ms)
		SetupLoadedEditorAssemblies (545ms)
			LogAssemblyErrors (0ms)
			InitializePlatformSupportModulesInManaged (326ms)
			SetLoadedEditorAssemblies (4ms)
			BeforeProcessingInitializeOnLoad (49ms)
			ProcessInitializeOnLoadAttributes (108ms)
			ProcessInitializeOnLoadMethodAttributes (58ms)
			AfterProcessingInitializeOnLoad (0ms)
			EditorAssembliesLoaded (0ms)
		ExecutionOrderSort2 (0ms)
		AwakeInstancesAfterBackupRestoration (0ms)
========================================================================
Worker process is ready to serve import requests
Import Worker Mode flag is 0x00
Begin MonoManager ReloadAssembly
- Loaded All Assemblies, in  0.626 seconds
Refreshing native plugins compatible for Editor in 1.25 ms, found 3 plugins.
Native extension for Android target not found
Native extension for UWP target not found
Native extension for WindowsStandalone target not found
Native extension for WebGL target not found
Mono: successfully reloaded assembly
- Finished resetting the current domain, in  0.629 seconds
Domain Reload Profiling: 1251ms
	BeginReloadAssembly (165ms)
		ExecutionOrderSort (0ms)
		DisableScriptedObjects (4ms)
		BackupInstance (0ms)
		ReleaseScriptingObjects (0ms)
		CreateAndSetChildDomain (36ms)
	RebuildCommonClasses (34ms)
	RebuildNativeTypeToScriptingClass (9ms)
	initialDomainReloadingComplete (34ms)
	LoadAllAssembliesAndSetupDomain (380ms)
		LoadAssemblies (291ms)
		RebuildTransferFunctionScriptingTraits (0ms)
		AnalyzeDomain (187ms)
			TypeCache.Refresh (154ms)
				TypeCache.ScanAssembly (140ms)
			BuildScriptInfoCaches (26ms)
			ResolveRequiredComponents (4ms)
	FinalizeReload (629ms)
		ReleaseScriptCaches (0ms)
		RebuildScriptCaches (0ms)
		SetupLoadedEditorAssemblies (537ms)
			LogAssemblyErrors (0ms)
			InitializePlatformSupportModulesInManaged (11ms)
			SetLoadedEditorAssemblies (3ms)
			BeforeProcessingInitializeOnLoad (70ms)
			ProcessInitializeOnLoadAttributes (427ms)
			ProcessInitializeOnLoadMethodAttributes (20ms)
			AfterProcessingInitializeOnLoad (6ms)
			EditorAssembliesLoaded (0ms)
		ExecutionOrderSort2 (0ms)
		AwakeInstancesAfterBackupRestoration (5ms)
Launched and connected shader compiler UnityShaderCompiler.exe after 0.02 seconds
Refreshing native plugins compatible for Editor in 1.46 ms, found 3 plugins.
Preloading 0 native plugins for Editor in 0.00 ms.
Unloading 8 Unused Serialized files (Serialized files now loaded: 0)
Unloading 3704 unused Assets / (1.0 MB). Loaded Objects now: 4192.
Memory consumption went from 87.3 MB to 86.3 MB.
Total: 8.080900 ms (FindLiveObjects: 0.601200 ms CreateObjectMapping: 0.248700 ms MarkObjects: 6.033400 ms  DeleteObjects: 1.196200 ms)

========================================================================
Received Import Request.
  Time since last request: 2725.488179 seconds.
  path: Assets/Script/스트레티지 패턴
  artifactKey: Guid(d2173a0842e1a454fa64cdf70d019030) Importer(815301076,1909f56bfc062723c751e8b465ee728b)
Start importing Assets/Script/스트레티지 패턴 using Guid(d2173a0842e1a454fa64cdf70d019030) Importer(815301076,1909f56bfc062723c751e8b465ee728b) (PreviewImporter) -> (artifact id: 'e39f5cd6292d4b978b8c87d2d63541d4') in 0.0043654 seconds
Number of updated asset objects reloaded before import = 0Number of asset objects unloaded after import = 0

========================================================================
Received Prepare
Refreshing native plugins compatible for Editor in 0.98 ms, found 3 plugins.
Preloading 0 native plugins for Editor in 0.00 ms.
Unloading 0 Unused Serialized files (Serialized files now loaded: 0)
Unloading 3696 unused Assets / (0.6 MB). Loaded Objects now: 4195.
Memory consumption went from 85.4 MB to 84.8 MB.
Total: 5.556400 ms (FindLiveObjects: 0.373300 ms CreateObjectMapping: 0.180900 ms MarkObjects: 4.104600 ms  DeleteObjects: 0.896300 ms)

Prepare: number of updated asset objects reloaded= 0
========================================================================
Received Prepare
Begin MonoManager ReloadAssembly
- Loaded All Assemblies, in  0.534 seconds
Refreshing native plugins compatible for Editor in 0.91 ms, found 3 plugins.
Native extension for Android target not found
Native extension for UWP target not found
Native extension for WindowsStandalone target not found
Native extension for WebGL target not found
Mono: successfully reloaded assembly
- Finished resetting the current domain, in  0.598 seconds
Domain Reload Profiling: 1131ms
	BeginReloadAssembly (174ms)
		ExecutionOrderSort (0ms)
		DisableScriptedObjects (5ms)
		BackupInstance (0ms)
		ReleaseScriptingObjects (0ms)
		CreateAndSetChildDomain (49ms)
	RebuildCommonClasses (31ms)
	RebuildNativeTypeToScriptingClass (12ms)
	initialDomainReloadingComplete (26ms)
	LoadAllAssembliesAndSetupDomain (290ms)
		LoadAssemblies (255ms)
		RebuildTransferFunctionScriptingTraits (0ms)
		AnalyzeDomain (121ms)
			TypeCache.Refresh (6ms)
				TypeCache.ScanAssembly (0ms)
			BuildScriptInfoCaches (109ms)
			ResolveRequiredComponents (3ms)
	FinalizeReload (598ms)
		ReleaseScriptCaches (0ms)
		RebuildScriptCaches (0ms)
		SetupLoadedEditorAssemblies (499ms)
			LogAssemblyErrors (0ms)
			InitializePlatformSupportModulesInManaged (11ms)
			SetLoadedEditorAssemblies (4ms)
			BeforeProcessingInitializeOnLoad (71ms)
			ProcessInitializeOnLoadAttributes (386ms)
			ProcessInitializeOnLoadMethodAttributes (22ms)
			AfterProcessingInitializeOnLoad (6ms)
			EditorAssembliesLoaded (0ms)
		ExecutionOrderSort2 (0ms)
		AwakeInstancesAfterBackupRestoration (5ms)
Refreshing native plugins compatible for Editor in 0.98 ms, found 3 plugins.
Preloading 0 native plugins for Editor in 0.00 ms.
Unloading 1 Unused Serialized files (Serialized files now loaded: 0)
Unloading 3703 unused Assets / (0.8 MB). Loaded Objects now: 4196.
Memory consumption went from 87.1 MB to 86.3 MB.
Total: 6.275300 ms (FindLiveObjects: 0.421000 ms CreateObjectMapping: 0.169900 ms MarkObjects: 4.901900 ms  DeleteObjects: 0.781200 ms)

Prepare: number of updated asset objects reloaded= 0
========================================================================
Received Import Request.
  Time since last request: 35.582523 seconds.
  path: Assets/Script/스트레티지 패턴/ZigzagMovement.cs
  artifactKey: Guid(fcdf0e272d089dc4797627997fd4ee92) Importer(815301076,1909f56bfc062723c751e8b465ee728b)
Start importing Assets/Script/스트레티지 패턴/ZigzagMovement.cs using Guid(fcdf0e272d089dc4797627997fd4ee92) Importer(815301076,1909f56bfc062723c751e8b465ee728b) (PreviewImporter) -> (artifact id: '8800e7246cf20d22ab3bd0ddcf502c99') in 0.0018672 seconds
Number of updated asset objects reloaded before import = 0Number of asset objects unloaded after import = 0

========================================================================
Received Prepare
Refreshing native plugins compatible for Editor in 1.30 ms, found 3 plugins.
Preloading 0 native plugins for Editor in 0.00 ms.
Unloading 0 Unused Serialized files (Serialized files now loaded: 0)
Unloading 3696 unused Assets / (0.7 MB). Loaded Objects now: 4196.
Memory consumption went from 87.2 MB to 86.4 MB.
Total: 6.658600 ms (FindLiveObjects: 0.535700 ms CreateObjectMapping: 0.166200 ms MarkObjects: 5.133800 ms  DeleteObjects: 0.822200 ms)

Prepare: number of updated asset objects reloaded= 0
========================================================================
Received Prepare
Refreshing native plugins compatible for Editor in 1.15 ms, found 3 plugins.
Preloading 0 native plugins for Editor in 0.00 ms.
Unloading 0 Unused Serialized files (Serialized files now loaded: 0)
Unloading 3696 unused Assets / (1.1 MB). Loaded Objects now: 4196.
Memory consumption went from 87.2 MB to 86.1 MB.
Total: 6.799200 ms (FindLiveObjects: 0.386200 ms CreateObjectMapping: 0.303900 ms MarkObjects: 4.673800 ms  DeleteObjects: 1.434100 ms)

Prepare: number of updated asset objects reloaded= 0
========================================================================
Received Prepare
Refreshing native plugins compatible for Editor in 0.88 ms, found 3 plugins.
Preloading 0 native plugins for Editor in 0.00 ms.
Unloading 0 Unused Serialized files (Serialized files now loaded: 0)
Unloading 3696 unused Assets / (0.9 MB). Loaded Objects now: 4196.
Memory consumption went from 87.2 MB to 86.3 MB.
Total: 4.914600 ms (FindLiveObjects: 0.375000 ms CreateObjectMapping: 0.104400 ms MarkObjects: 3.466700 ms  DeleteObjects: 0.967400 ms)

Prepare: number of updated asset objects reloaded= 0
========================================================================
Received Prepare
Refreshing native plugins compatible for Editor in 0.91 ms, found 3 plugins.
Preloading 0 native plugins for Editor in 0.00 ms.
Unloading 0 Unused Serialized files (Serialized files now loaded: 0)
Unloading 3697 unused Assets / (0.7 MB). Loaded Objects now: 4197.
Memory consumption went from 87.2 MB to 86.5 MB.
Total: 4.595600 ms (FindLiveObjects: 0.358300 ms CreateObjectMapping: 0.101300 ms MarkObjects: 3.435600 ms  DeleteObjects: 0.699800 ms)

Prepare: number of updated asset objects reloaded= 0
========================================================================
Received Prepare
Refreshing native plugins compatible for Editor in 1.19 ms, found 3 plugins.
Preloading 0 native plugins for Editor in 0.00 ms.
Unloading 0 Unused Serialized files (Serialized files now loaded: 0)
Unloading 3697 unused Assets / (0.9 MB). Loaded Objects now: 4197.
Memory consumption went from 87.2 MB to 86.3 MB.
Total: 6.759700 ms (FindLiveObjects: 0.463900 ms CreateObjectMapping: 0.199700 ms MarkObjects: 5.152100 ms  DeleteObjects: 0.943000 ms)

Prepare: number of updated asset objects reloaded= 0
========================================================================
Received Prepare
Begin MonoManager ReloadAssembly
- Loaded All Assemblies, in  0.542 seconds
Refreshing native plugins compatible for Editor in 0.93 ms, found 3 plugins.
Native extension for Android target not found
Native extension for UWP target not found
Native extension for WindowsStandalone target not found
Native extension for WebGL target not found
Mono: successfully reloaded assembly
- Finished resetting the current domain, in  0.557 seconds
Domain Reload Profiling: 1098ms
	BeginReloadAssembly (181ms)
		ExecutionOrderSort (0ms)
		DisableScriptedObjects (5ms)
		BackupInstance (0ms)
		ReleaseScriptingObjects (0ms)
		CreateAndSetChildDomain (46ms)
	RebuildCommonClasses (36ms)
	RebuildNativeTypeToScriptingClass (11ms)
	initialDomainReloadingComplete (24ms)
	LoadAllAssembliesAndSetupDomain (290ms)
		LoadAssemblies (265ms)
		RebuildTransferFunctionScriptingTraits (0ms)
		AnalyzeDomain (121ms)
			TypeCache.Refresh (6ms)
				TypeCache.ScanAssembly (0ms)
			BuildScriptInfoCaches (108ms)
			ResolveRequiredComponents (4ms)
	FinalizeReload (557ms)
		ReleaseScriptCaches (0ms)
		RebuildScriptCaches (0ms)
		SetupLoadedEditorAssemblies (460ms)
			LogAssemblyErrors (0ms)
			InitializePlatformSupportModulesInManaged (10ms)
			SetLoadedEditorAssemblies (3ms)
			BeforeProcessingInitializeOnLoad (66ms)
			ProcessInitializeOnLoadAttributes (358ms)
			ProcessInitializeOnLoadMethodAttributes (18ms)
			AfterProcessingInitializeOnLoad (4ms)
			EditorAssembliesLoaded (0ms)
		ExecutionOrderSort2 (0ms)
		AwakeInstancesAfterBackupRestoration (5ms)
Refreshing native plugins compatible for Editor in 0.96 ms, found 3 plugins.
Preloading 0 native plugins for Editor in 0.00 ms.
Unloading 0 Unused Serialized files (Serialized files now loaded: 0)
Unloading 3704 unused Assets / (1.0 MB). Loaded Objects now: 4197.
Memory consumption went from 87.0 MB to 86.0 MB.
Total: 7.601600 ms (FindLiveObjects: 0.369500 ms CreateObjectMapping: 0.127100 ms MarkObjects: 5.904500 ms  DeleteObjects: 1.199100 ms)

Prepare: number of updated asset objects reloaded= 0
========================================================================
Received Import Request.
  Time since last request: 668.242102 seconds.
  path: Assets/Script/스트레티지 패턴/CircleMovement.cs
  artifactKey: Guid(27d4494a99ba9444cafbe48b0cf96808) Importer(815301076,1909f56bfc062723c751e8b465ee728b)
Start importing Assets/Script/스트레티지 패턴/CircleMovement.cs using Guid(27d4494a99ba9444cafbe48b0cf96808) Importer(815301076,1909f56bfc062723c751e8b465ee728b) (PreviewImporter) -> (artifact id: 'ad18d3af3cb74143e8f53811dbf724e1') in 0.0037308 seconds
Number of updated asset objects reloaded before import = 0Number of asset objects unloaded after import = 0

========================================================================
Received Prepare
Refreshing native plugins compatible for Editor in 1.38 ms, found 3 plugins.
Preloading 0 native plugins for Editor in 0.00 ms.
Unloading 0 Unused Serialized files (Serialized files now loaded: 0)
Unloading 3697 unused Assets / (0.7 MB). Loaded Objects now: 4197.
Memory consumption went from 87.2 MB to 86.5 MB.
Total: 7.587400 ms (FindLiveObjects: 0.592000 ms CreateObjectMapping: 0.571600 ms MarkObjects: 5.255500 ms  DeleteObjects: 1.167600 ms)

Prepare: number of updated asset objects reloaded= 0
========================================================================
Received Import Request.
  Time since last request: 72.082679 seconds.
  path: Assets/Script/스트레티지 패턴/CircleMovement.cs
  artifactKey: Guid(27d4494a99ba9444cafbe48b0cf96808) Importer(815301076,1909f56bfc062723c751e8b465ee728b)
Start importing Assets/Script/스트레티지 패턴/CircleMovement.cs using Guid(27d4494a99ba9444cafbe48b0cf96808) Importer(815301076,1909f56bfc062723c751e8b465ee728b) (PreviewImporter) -> (artifact id: 'a224143b73c6dd29e0411da05989981b') in 0.0014366 seconds
Number of updated asset objects reloaded before import = 0Number of asset objects unloaded after import = 0

========================================================================
Received Prepare
Begin MonoManager ReloadAssembly
- Loaded All Assemblies, in  0.537 seconds
Refreshing native plugins compatible for Editor in 1.10 ms, found 3 plugins.
Native extension for Android target not found
Native extension for UWP target not found
Native extension for WindowsStandalone target not found
Native extension for WebGL target not found
Mono: successfully reloaded assembly
- Finished resetting the current domain, in  0.592 seconds
Domain Reload Profiling: 1127ms
	BeginReloadAssembly (178ms)
		ExecutionOrderSort (0ms)
		DisableScriptedObjects (5ms)
		BackupInstance (0ms)
		ReleaseScriptingObjects (0ms)
		CreateAndSetChildDomain (51ms)
	RebuildCommonClasses (34ms)
	RebuildNativeTypeToScriptingClass (10ms)
	initialDomainReloadingComplete (24ms)
	LoadAllAssembliesAndSetupDomain (288ms)
		LoadAssemblies (257ms)
		RebuildTransferFunctionScriptingTraits (0ms)
		AnalyzeDomain (119ms)
			TypeCache.Refresh (7ms)
				TypeCache.ScanAssembly (0ms)
			BuildScriptInfoCaches (106ms)
			ResolveRequiredComponents (3ms)
	FinalizeReload (593ms)
		ReleaseScriptCaches (0ms)
		RebuildScriptCaches (0ms)
		SetupLoadedEditorAssemblies (482ms)
			LogAssemblyErrors (0ms)
			InitializePlatformSupportModulesInManaged (13ms)
			SetLoadedEditorAssemblies (4ms)
			BeforeProcessingInitializeOnLoad (74ms)
			ProcessInitializeOnLoadAttributes (368ms)
			ProcessInitializeOnLoadMethodAttributes (18ms)
			AfterProcessingInitializeOnLoad (5ms)
			EditorAssembliesLoaded (0ms)
		ExecutionOrderSort2 (0ms)
		AwakeInstancesAfterBackupRestoration (4ms)
Refreshing native plugins compatible for Editor in 1.34 ms, found 3 plugins.
Preloading 0 native plugins for Editor in 0.00 ms.
Unloading 0 Unused Serialized files (Serialized files now loaded: 0)
Unloading 3704 unused Assets / (0.7 MB). Loaded Objects now: 4197.
Memory consumption went from 87.0 MB to 86.2 MB.
Total: 4.791900 ms (FindLiveObjects: 0.394700 ms CreateObjectMapping: 0.125400 ms MarkObjects: 3.530800 ms  DeleteObjects: 0.740200 ms)

Prepare: number of updated asset objects reloaded= 0
========================================================================
Received Prepare
Refreshing native plugins compatible for Editor in 1.02 ms, found 3 plugins.
Preloading 0 native plugins for Editor in 0.00 ms.
Unloading 0 Unused Serialized files (Serialized files now loaded: 0)
Unloading 3697 unused Assets / (0.9 MB). Loaded Objects now: 4197.
Memory consumption went from 87.2 MB to 86.3 MB.
Total: 6.242500 ms (FindLiveObjects: 0.592700 ms CreateObjectMapping: 0.284600 ms MarkObjects: 4.368200 ms  DeleteObjects: 0.995800 ms)

Prepare: number of updated asset objects reloaded= 0
========================================================================
Received Import Request.
  Time since last request: 29.801650 seconds.
  path: Assets/Script/스트레티지 패턴/CircleMovement.cs
  artifactKey: Guid(27d4494a99ba9444cafbe48b0cf96808) Importer(815301076,1909f56bfc062723c751e8b465ee728b)
Start importing Assets/Script/스트레티지 패턴/CircleMovement.cs using Guid(27d4494a99ba9444cafbe48b0cf96808) Importer(815301076,1909f56bfc062723c751e8b465ee728b) (PreviewImporter) -> (artifact id: '6b1ab5535362c1b1882b904847c7847d') in 0.0024622 seconds
Number of updated asset objects reloaded before import = 0Number of asset objects unloaded after import = 0

========================================================================
Received Prepare
Begin MonoManager ReloadAssembly
- Loaded All Assemblies, in  0.523 seconds
Refreshing native plugins compatible for Editor in 1.39 ms, found 3 plugins.
Native extension for Android target not found
Native extension for UWP target not found
Native extension for WindowsStandalone target not found
Native extension for WebGL target not found
Mono: successfully reloaded assembly
- Finished resetting the current domain, in  0.602 seconds
Domain Reload Profiling: 1124ms
	BeginReloadAssembly (168ms)
		ExecutionOrderSort (0ms)
		DisableScriptedObjects (5ms)
		BackupInstance (0ms)
		ReleaseScriptingObjects (0ms)
		CreateAndSetChildDomain (43ms)
	RebuildCommonClasses (31ms)
	RebuildNativeTypeToScriptingClass (11ms)
	initialDomainReloadingComplete (24ms)
	LoadAllAssembliesAndSetupDomain (288ms)
		LoadAssemblies (246ms)
		RebuildTransferFunctionScriptingTraits (0ms)
		AnalyzeDomain (128ms)
			TypeCache.Refresh (6ms)
				TypeCache.ScanAssembly (0ms)
			BuildScriptInfoCaches (115ms)
			ResolveRequiredComponents (4ms)
	FinalizeReload (602ms)
		ReleaseScriptCaches (0ms)
		RebuildScriptCaches (0ms)
		SetupLoadedEditorAssemblies (494ms)
			LogAssemblyErrors (0ms)
			InitializePlatformSupportModulesInManaged (12ms)
			SetLoadedEditorAssemblies (3ms)
			BeforeProcessingInitializeOnLoad (72ms)
			ProcessInitializeOnLoadAttributes (384ms)
			ProcessInitializeOnLoadMethodAttributes (17ms)
			AfterProcessingInitializeOnLoad (6ms)
			EditorAssembliesLoaded (0ms)
		ExecutionOrderSort2 (0ms)
		AwakeInstancesAfterBackupRestoration (5ms)
Refreshing native plugins compatible for Editor in 1.36 ms, found 3 plugins.
Preloading 0 native plugins for Editor in 0.00 ms.
Unloading 0 Unused Serialized files (Serialized files now loaded: 0)
Unloading 3704 unused Assets / (0.8 MB). Loaded Objects now: 4197.
Memory consumption went from 87.0 MB to 86.2 MB.
Total: 6.272800 ms (FindLiveObjects: 0.361700 ms CreateObjectMapping: 0.306600 ms MarkObjects: 4.662300 ms  DeleteObjects: 0.941400 ms)

Prepare: number of updated asset objects reloaded= 0
========================================================================
Received Prepare
Refreshing native plugins compatible for Editor in 1.13 ms, found 3 plugins.
Preloading 0 native plugins for Editor in 0.00 ms.
Unloading 0 Unused Serialized files (Serialized files now loaded: 0)
Unloading 3697 unused Assets / (0.7 MB). Loaded Objects now: 4197.
Memory consumption went from 87.2 MB to 86.5 MB.
Total: 7.562000 ms (FindLiveObjects: 0.567000 ms CreateObjectMapping: 0.768100 ms MarkObjects: 5.530500 ms  DeleteObjects: 0.695600 ms)

Prepare: number of updated asset objects reloaded= 0
========================================================================
Received Prepare
Begin MonoManager ReloadAssembly
- Loaded All Assemblies, in  0.512 seconds
Refreshing native plugins compatible for Editor in 1.37 ms, found 3 plugins.
Native extension for Android target not found
Native extension for UWP target not found
Native extension for WindowsStandalone target not found
Native extension for WebGL target not found
Mono: successfully reloaded assembly
- Finished resetting the current domain, in  0.635 seconds
Domain Reload Profiling: 1146ms
	BeginReloadAssembly (170ms)
		ExecutionOrderSort (0ms)
		DisableScriptedObjects (5ms)
		BackupInstance (0ms)
		ReleaseScriptingObjects (0ms)
		CreateAndSetChildDomain (47ms)
	RebuildCommonClasses (26ms)
	RebuildNativeTypeToScriptingClass (11ms)
	initialDomainReloadingComplete (24ms)
	LoadAllAssembliesAndSetupDomain (279ms)
		LoadAssemblies (242ms)
		RebuildTransferFunctionScriptingTraits (0ms)
		AnalyzeDomain (121ms)
			TypeCache.Refresh (6ms)
				TypeCache.ScanAssembly (0ms)
			BuildScriptInfoCaches (108ms)
			ResolveRequiredComponents (4ms)
	FinalizeReload (635ms)
		ReleaseScriptCaches (0ms)
		RebuildScriptCaches (0ms)
		SetupLoadedEditorAssemblies (516ms)
			LogAssemblyErrors (0ms)
			InitializePlatformSupportModulesInManaged (13ms)
			SetLoadedEditorAssemblies (4ms)
			BeforeProcessingInitializeOnLoad (77ms)
			ProcessInitializeOnLoadAttributes (396ms)
			ProcessInitializeOnLoadMethodAttributes (22ms)
			AfterProcessingInitializeOnLoad (5ms)
			EditorAssembliesLoaded (0ms)
		ExecutionOrderSort2 (0ms)
		AwakeInstancesAfterBackupRestoration (6ms)
Refreshing native plugins compatible for Editor in 1.01 ms, found 3 plugins.
Preloading 0 native plugins for Editor in 0.00 ms.
Unloading 0 Unused Serialized files (Serialized files now loaded: 0)
Unloading 3704 unused Assets / (0.8 MB). Loaded Objects now: 4197.
Memory consumption went from 87.0 MB to 86.2 MB.
Total: 6.585800 ms (FindLiveObjects: 0.614300 ms CreateObjectMapping: 0.573100 ms MarkObjects: 4.569900 ms  DeleteObjects: 0.827200 ms)

Prepare: number of updated asset objects reloaded= 0
========================================================================
Received Prepare
Refreshing native plugins compatible for Editor in 1.33 ms, found 3 plugins.
Preloading 0 native plugins for Editor in 0.00 ms.
Unloading 0 Unused Serialized files (Serialized files now loaded: 0)
Unloading 3697 unused Assets / (0.5 MB). Loaded Objects now: 4197.
Memory consumption went from 87.2 MB to 86.7 MB.
Total: 5.498100 ms (FindLiveObjects: 0.635100 ms CreateObjectMapping: 0.321200 ms MarkObjects: 3.751100 ms  DeleteObjects: 0.789900 ms)

Prepare: number of updated asset objects reloaded= 0
========================================================================
Received Prepare
Begin MonoManager ReloadAssembly
- Loaded All Assemblies, in  0.533 seconds
Refreshing native plugins compatible for Editor in 1.22 ms, found 3 plugins.
Native extension for Android target not found
Native extension for UWP target not found
Native extension for WindowsStandalone target not found
Native extension for WebGL target not found
Mono: successfully reloaded assembly
- Finished resetting the current domain, in  0.596 seconds
Domain Reload Profiling: 1127ms
	BeginReloadAssembly (171ms)
		ExecutionOrderSort (0ms)
		DisableScriptedObjects (5ms)
		BackupInstance (0ms)
		ReleaseScriptingObjects (0ms)
		CreateAndSetChildDomain (46ms)
	RebuildCommonClasses (33ms)
	RebuildNativeTypeToScriptingClass (10ms)
	initialDomainReloadingComplete (23ms)
	LoadAllAssembliesAndSetupDomain (295ms)
		LoadAssemblies (246ms)
		RebuildTransferFunctionScriptingTraits (0ms)
		AnalyzeDomain (133ms)
			TypeCache.Refresh (6ms)
				TypeCache.ScanAssembly (0ms)
			BuildScriptInfoCaches (120ms)
			ResolveRequiredComponents (4ms)
	FinalizeReload (596ms)
		ReleaseScriptCaches (0ms)
		RebuildScriptCaches (0ms)
		SetupLoadedEditorAssemblies (489ms)
			LogAssemblyErrors (0ms)
			InitializePlatformSupportModulesInManaged (12ms)
			SetLoadedEditorAssemblies (3ms)
			BeforeProcessingInitializeOnLoad (75ms)
			ProcessInitializeOnLoadAttributes (378ms)
			ProcessInitializeOnLoadMethodAttributes (16ms)
			AfterProcessingInitializeOnLoad (5ms)
			EditorAssembliesLoaded (0ms)
		ExecutionOrderSort2 (0ms)
		AwakeInstancesAfterBackupRestoration (5ms)
Refreshing native plugins compatible for Editor in 0.87 ms, found 3 plugins.
Preloading 0 native plugins for Editor in 0.00 ms.
Unloading 0 Unused Serialized files (Serialized files now loaded: 0)
Unloading 3704 unused Assets / (0.8 MB). Loaded Objects now: 4197.
Memory consumption went from 87.0 MB to 86.2 MB.
Total: 6.897000 ms (FindLiveObjects: 0.489300 ms CreateObjectMapping: 0.241900 ms MarkObjects: 5.316900 ms  DeleteObjects: 0.847900 ms)

Prepare: number of updated asset objects reloaded= 0
========================================================================
Received Prepare
Refreshing native plugins compatible for Editor in 1.29 ms, found 3 plugins.
Preloading 0 native plugins for Editor in 0.00 ms.
Unloading 0 Unused Serialized files (Serialized files now loaded: 0)
Unloading 3697 unused Assets / (0.7 MB). Loaded Objects now: 4197.
Memory consumption went from 87.2 MB to 86.4 MB.
Total: 7.156900 ms (FindLiveObjects: 0.551800 ms CreateObjectMapping: 0.496300 ms MarkObjects: 5.280000 ms  DeleteObjects: 0.827900 ms)

Prepare: number of updated asset objects reloaded= 0
========================================================================
Received Prepare
Begin MonoManager ReloadAssembly
- Loaded All Assemblies, in  0.544 seconds
Refreshing native plugins compatible for Editor in 1.25 ms, found 3 plugins.
Native extension for Android target not found
Native extension for UWP target not found
Native extension for WindowsStandalone target not found
Native extension for WebGL target not found
Mono: successfully reloaded assembly
- Finished resetting the current domain, in  0.624 seconds
Domain Reload Profiling: 1166ms
	BeginReloadAssembly (172ms)
		ExecutionOrderSort (0ms)
		DisableScriptedObjects (5ms)
		BackupInstance (0ms)
		ReleaseScriptingObjects (0ms)
		CreateAndSetChildDomain (48ms)
	RebuildCommonClasses (32ms)
	RebuildNativeTypeToScriptingClass (10ms)
	initialDomainReloadingComplete (23ms)
	LoadAllAssembliesAndSetupDomain (305ms)
		LoadAssemblies (259ms)
		RebuildTransferFunctionScriptingTraits (0ms)
		AnalyzeDomain (128ms)
			TypeCache.Refresh (6ms)
				TypeCache.ScanAssembly (0ms)
			BuildScriptInfoCaches (116ms)
			ResolveRequiredComponents (4ms)
	FinalizeReload (624ms)
		ReleaseScriptCaches (0ms)
		RebuildScriptCaches (0ms)
		SetupLoadedEditorAssemblies (512ms)
			LogAssemblyErrors (0ms)
			InitializePlatformSupportModulesInManaged (14ms)
			SetLoadedEditorAssemblies (4ms)
			BeforeProcessingInitializeOnLoad (78ms)
			ProcessInitializeOnLoadAttributes (393ms)
			ProcessInitializeOnLoadMethodAttributes (18ms)
			AfterProcessingInitializeOnLoad (5ms)
			EditorAssembliesLoaded (0ms)
		ExecutionOrderSort2 (0ms)
		AwakeInstancesAfterBackupRestoration (5ms)
Refreshing native plugins compatible for Editor in 1.35 ms, found 3 plugins.
Preloading 0 native plugins for Editor in 0.00 ms.
Unloading 0 Unused Serialized files (Serialized files now loaded: 0)
Unloading 3704 unused Assets / (1.3 MB). Loaded Objects now: 4197.
Memory consumption went from 87.0 MB to 85.7 MB.
Total: 7.302500 ms (FindLiveObjects: 0.348900 ms CreateObjectMapping: 0.231100 ms MarkObjects: 5.493100 ms  DeleteObjects: 1.228400 ms)

Prepare: number of updated asset objects reloaded= 0
========================================================================
Received Prepare
Refreshing native plugins compatible for Editor in 1.27 ms, found 3 plugins.
Preloading 0 native plugins for Editor in 0.00 ms.
Unloading 0 Unused Serialized files (Serialized files now loaded: 0)
Unloading 3696 unused Assets / (0.9 MB). Loaded Objects now: 4196.
Memory consumption went from 87.2 MB to 86.3 MB.
Total: 5.868500 ms (FindLiveObjects: 0.509900 ms CreateObjectMapping: 0.466300 ms MarkObjects: 3.940100 ms  DeleteObjects: 0.951200 ms)

Prepare: number of updated asset objects reloaded= 0
========================================================================
Received Prepare
Begin MonoManager ReloadAssembly
- Loaded All Assemblies, in  0.531 seconds
Refreshing native plugins compatible for Editor in 1.13 ms, found 3 plugins.
Native extension for Android target not found
Native extension for UWP target not found
Native extension for WindowsStandalone target not found
Native extension for WebGL target not found
Mono: successfully reloaded assembly
- Finished resetting the current domain, in  0.643 seconds
Domain Reload Profiling: 1174ms
	BeginReloadAssembly (168ms)
		ExecutionOrderSort (0ms)
		DisableScriptedObjects (5ms)
		BackupInstance (0ms)
		ReleaseScriptingObjects (0ms)
		CreateAndSetChildDomain (45ms)
	RebuildCommonClasses (34ms)
	RebuildNativeTypeToScriptingClass (10ms)
	initialDomainReloadingComplete (23ms)
	LoadAllAssembliesAndSetupDomain (294ms)
		LoadAssemblies (253ms)
		RebuildTransferFunctionScriptingTraits (0ms)
		AnalyzeDomain (123ms)
			TypeCache.Refresh (6ms)
				TypeCache.ScanAssembly (0ms)
			BuildScriptInfoCaches (111ms)
			ResolveRequiredComponents (3ms)
	FinalizeReload (644ms)
		ReleaseScriptCaches (0ms)
		RebuildScriptCaches (0ms)
		SetupLoadedEditorAssemblies (530ms)
			LogAssemblyErrors (0ms)
			InitializePlatformSupportModulesInManaged (13ms)
			SetLoadedEditorAssemblies (4ms)
			BeforeProcessingInitializeOnLoad (83ms)
			ProcessInitializeOnLoadAttributes (406ms)
			ProcessInitializeOnLoadMethodAttributes (19ms)
			AfterProcessingInitializeOnLoad (4ms)
			EditorAssembliesLoaded (0ms)
		ExecutionOrderSort2 (0ms)
		AwakeInstancesAfterBackupRestoration (4ms)
Refreshing native plugins compatible for Editor in 1.28 ms, found 3 plugins.
Preloading 0 native plugins for Editor in 0.00 ms.
Unloading 0 Unused Serialized files (Serialized files now loaded: 0)
Unloading 3703 unused Assets / (0.7 MB). Loaded Objects now: 4196.
Memory consumption went from 87.0 MB to 86.3 MB.
Total: 5.871800 ms (FindLiveObjects: 0.417900 ms CreateObjectMapping: 0.107100 ms MarkObjects: 4.566000 ms  DeleteObjects: 0.779500 ms)

Prepare: number of updated asset objects reloaded= 0
========================================================================
Received Prepare
Refreshing native plugins compatible for Editor in 1.30 ms, found 3 plugins.
Preloading 0 native plugins for Editor in 0.00 ms.
Unloading 0 Unused Serialized files (Serialized files now loaded: 0)
Unloading 3696 unused Assets / (0.8 MB). Loaded Objects now: 4196.
Memory consumption went from 87.2 MB to 86.3 MB.
Total: 5.209900 ms (FindLiveObjects: 0.585000 ms CreateObjectMapping: 0.181700 ms MarkObjects: 3.732400 ms  DeleteObjects: 0.710000 ms)

Prepare: number of updated asset objects reloaded= 0
========================================================================
Received Prepare
Begin MonoManager ReloadAssembly
- Loaded All Assemblies, in  0.547 seconds
Refreshing native plugins compatible for Editor in 1.09 ms, found 3 plugins.
Native extension for Android target not found
Native extension for UWP target not found
Native extension for WindowsStandalone target not found
Native extension for WebGL target not found
Mono: successfully reloaded assembly
- Finished resetting the current domain, in  0.658 seconds
Domain Reload Profiling: 1204ms
	BeginReloadAssembly (169ms)
		ExecutionOrderSort (0ms)
		DisableScriptedObjects (5ms)
		BackupInstance (0ms)
		ReleaseScriptingObjects (0ms)
		CreateAndSetChildDomain (46ms)
	RebuildCommonClasses (37ms)
	RebuildNativeTypeToScriptingClass (10ms)
	initialDomainReloadingComplete (24ms)
	LoadAllAssembliesAndSetupDomain (304ms)
		LoadAssemblies (255ms)
		RebuildTransferFunctionScriptingTraits (0ms)
		AnalyzeDomain (132ms)
			TypeCache.Refresh (7ms)
				TypeCache.ScanAssembly (0ms)
			BuildScriptInfoCaches (118ms)
			ResolveRequiredComponents (4ms)
	FinalizeReload (658ms)
		ReleaseScriptCaches (0ms)
		RebuildScriptCaches (0ms)
		SetupLoadedEditorAssemblies (548ms)
			LogAssemblyErrors (0ms)
			InitializePlatformSupportModulesInManaged (12ms)
			SetLoadedEditorAssemblies (3ms)
			BeforeProcessingInitializeOnLoad (77ms)
			ProcessInitializeOnLoadAttributes (427ms)
			ProcessInitializeOnLoadMethodAttributes (23ms)
			AfterProcessingInitializeOnLoad (6ms)
			EditorAssembliesLoaded (0ms)
		ExecutionOrderSort2 (0ms)
		AwakeInstancesAfterBackupRestoration (6ms)
Refreshing native plugins compatible for Editor in 1.44 ms, found 3 plugins.
Preloading 0 native plugins for Editor in 0.00 ms.
Unloading 0 Unused Serialized files (Serialized files now loaded: 0)
Unloading 3703 unused Assets / (1.0 MB). Loaded Objects now: 4196.
Memory consumption went from 87.0 MB to 86.0 MB.
Total: 8.529600 ms (FindLiveObjects: 0.686300 ms CreateObjectMapping: 0.543000 ms MarkObjects: 5.866700 ms  DeleteObjects: 1.431900 ms)

Prepare: number of updated asset objects reloaded= 0
========================================================================
Received Import Request.
  Time since last request: 400.103091 seconds.
  path: Assets/Script/스트레티지 패턴/Enemy.cs
  artifactKey: Guid(fcdf0e272d089dc4797627997fd4ee92) Importer(815301076,1909f56bfc062723c751e8b465ee728b)
Start importing Assets/Script/스트레티지 패턴/Enemy.cs using Guid(fcdf0e272d089dc4797627997fd4ee92) Importer(815301076,1909f56bfc062723c751e8b465ee728b) (PreviewImporter) -> (artifact id: 'c7eff27d0ecf07d0e25aff29ff7822e6') in 0.0055693 seconds
Number of updated asset objects reloaded before import = 0Number of asset objects unloaded after import = 0

========================================================================
Received Prepare
Refreshing native plugins compatible for Editor in 1.46 ms, found 3 plugins.
Preloading 0 native plugins for Editor in 0.00 ms.
Unloading 0 Unused Serialized files (Serialized files now loaded: 0)
Unloading 3697 unused Assets / (0.8 MB). Loaded Objects now: 4197.
Memory consumption went from 87.2 MB to 86.4 MB.
Total: 6.659000 ms (FindLiveObjects: 0.485100 ms CreateObjectMapping: 0.457500 ms MarkObjects: 4.781200 ms  DeleteObjects: 0.933800 ms)

Prepare: number of updated asset objects reloaded= 0
========================================================================
Received Prepare
Begin MonoManager ReloadAssembly
- Loaded All Assemblies, in  0.545 seconds
Refreshing native plugins compatible for Editor in 1.59 ms, found 3 plugins.
Native extension for Android target not found
Native extension for UWP target not found
Native extension for WindowsStandalone target not found
Native extension for WebGL target not found
Mono: successfully reloaded assembly
- Finished resetting the current domain, in  0.647 seconds
Domain Reload Profiling: 1189ms
	BeginReloadAssembly (166ms)
		ExecutionOrderSort (0ms)
		DisableScriptedObjects (4ms)
		BackupInstance (0ms)
		ReleaseScriptingObjects (0ms)
		CreateAndSetChildDomain (48ms)
	RebuildCommonClasses (31ms)
	RebuildNativeTypeToScriptingClass (12ms)
	initialDomainReloadingComplete (26ms)
	LoadAllAssembliesAndSetupDomain (309ms)
		LoadAssemblies (257ms)
		RebuildTransferFunctionScriptingTraits (0ms)
		AnalyzeDomain (131ms)
			TypeCache.Refresh (6ms)
				TypeCache.ScanAssembly (0ms)
			BuildScriptInfoCaches (118ms)
			ResolveRequiredComponents (4ms)
	FinalizeReload (647ms)
		ReleaseScriptCaches (0ms)
		RebuildScriptCaches (0ms)
		SetupLoadedEditorAssemblies (527ms)
			LogAssemblyErrors (0ms)
			InitializePlatformSupportModulesInManaged (13ms)
			SetLoadedEditorAssemblies (4ms)
			BeforeProcessingInitializeOnLoad (75ms)
			ProcessInitializeOnLoadAttributes (406ms)
			ProcessInitializeOnLoadMethodAttributes (22ms)
			AfterProcessingInitializeOnLoad (6ms)
			EditorAssembliesLoaded (0ms)
		ExecutionOrderSort2 (0ms)
		AwakeInstancesAfterBackupRestoration (6ms)
Refreshing native plugins compatible for Editor in 1.31 ms, found 3 plugins.
Preloading 0 native plugins for Editor in 0.00 ms.
Unloading 0 Unused Serialized files (Serialized files now loaded: 0)
Unloading 3704 unused Assets / (0.8 MB). Loaded Objects now: 4197.
Memory consumption went from 87.0 MB to 86.2 MB.
Total: 6.144900 ms (FindLiveObjects: 0.389800 ms CreateObjectMapping: 0.270700 ms MarkObjects: 4.471800 ms  DeleteObjects: 1.011700 ms)

Prepare: number of updated asset objects reloaded= 0
========================================================================
Received Import Request.
  Time since last request: 111.588675 seconds.
  path: Assets/Script/스트레티지 패턴/EnemyController.cs
  artifactKey: Guid(5df0f535084f0b3409283dead43cde3e) Importer(815301076,1909f56bfc062723c751e8b465ee728b)
Start importing Assets/Script/스트레티지 패턴/EnemyController.cs using Guid(5df0f535084f0b3409283dead43cde3e) Importer(815301076,1909f56bfc062723c751e8b465ee728b) (PreviewImporter) -> (artifact id: '210429d0b7a152064f3746738169a2cc') in 0.0033093 seconds
Number of updated asset objects reloaded before import = 0Number of asset objects unloaded after import = 0

========================================================================
Received Prepare
Refreshing native plugins compatible for Editor in 1.16 ms, found 3 plugins.
Preloading 0 native plugins for Editor in 0.00 ms.
Unloading 0 Unused Serialized files (Serialized files now loaded: 0)
Unloading 3697 unused Assets / (0.9 MB). Loaded Objects now: 4197.
Memory consumption went from 87.2 MB to 86.3 MB.
Total: 6.970200 ms (FindLiveObjects: 0.560700 ms CreateObjectMapping: 0.311100 ms MarkObjects: 5.176800 ms  DeleteObjects: 0.920200 ms)

Prepare: number of updated asset objects reloaded= 0
========================================================================
Received Prepare
Refreshing native plugins compatible for Editor in 1.32 ms, found 3 plugins.
Preloading 0 native plugins for Editor in 0.00 ms.
Unloading 0 Unused Serialized files (Serialized files now loaded: 0)
Unloading 3697 unused Assets / (0.8 MB). Loaded Objects now: 4197.
Memory consumption went from 87.2 MB to 86.4 MB.
Total: 7.869600 ms (FindLiveObjects: 0.612100 ms CreateObjectMapping: 0.479400 ms MarkObjects: 5.820100 ms  DeleteObjects: 0.956200 ms)

Prepare: number of updated asset objects reloaded= 0
========================================================================
Received Prepare
Begin MonoManager ReloadAssembly
- Loaded All Assemblies, in  0.575 seconds
Refreshing native plugins compatible for Editor in 1.17 ms, found 3 plugins.
Native extension for Android target not found
Native extension for UWP target not found
Native extension for WindowsStandalone target not found
Native extension for WebGL target not found
Mono: successfully reloaded assembly
- Finished resetting the current domain, in  0.544 seconds
Domain Reload Profiling: 1117ms
	BeginReloadAssembly (177ms)
		ExecutionOrderSort (0ms)
		DisableScriptedObjects (4ms)
		BackupInstance (0ms)
		ReleaseScriptingObjects (0ms)
		CreateAndSetChildDomain (52ms)
	RebuildCommonClasses (33ms)
	RebuildNativeTypeToScriptingClass (11ms)
	initialDomainReloadingComplete (25ms)
	LoadAllAssembliesAndSetupDomain (328ms)
		LoadAssemblies (270ms)
		RebuildTransferFunctionScriptingTraits (0ms)
		AnalyzeDomain (145ms)
			TypeCache.Refresh (6ms)
				TypeCache.ScanAssembly (0ms)
			BuildScriptInfoCaches (132ms)
			ResolveRequiredComponents (4ms)
	FinalizeReload (544ms)
		ReleaseScriptCaches (0ms)
		RebuildScriptCaches (0ms)
		SetupLoadedEditorAssemblies (449ms)
			LogAssemblyErrors (0ms)
			InitializePlatformSupportModulesInManaged (11ms)
			SetLoadedEditorAssemblies (4ms)
			BeforeProcessingInitializeOnLoad (70ms)
			ProcessInitializeOnLoadAttributes (344ms)
			ProcessInitializeOnLoadMethodAttributes (16ms)
			AfterProcessingInitializeOnLoad (4ms)
			EditorAssembliesLoaded (0ms)
		ExecutionOrderSort2 (0ms)
		AwakeInstancesAfterBackupRestoration (4ms)
Refreshing native plugins compatible for Editor in 1.20 ms, found 3 plugins.
Preloading 0 native plugins for Editor in 0.00 ms.
Unloading 0 Unused Serialized files (Serialized files now loaded: 0)
Unloading 3704 unused Assets / (0.8 MB). Loaded Objects now: 4197.
Memory consumption went from 87.0 MB to 86.2 MB.
Total: 4.958000 ms (FindLiveObjects: 0.422700 ms CreateObjectMapping: 0.345900 ms MarkObjects: 3.516900 ms  DeleteObjects: 0.671700 ms)

Prepare: number of updated asset objects reloaded= 0
========================================================================
Received Prepare
Begin MonoManager ReloadAssembly
- Loaded All Assemblies, in  0.517 seconds
Refreshing native plugins compatible for Editor in 1.17 ms, found 3 plugins.
Native extension for Android target not found
Native extension for UWP target not found
Native extension for WindowsStandalone target not found
Native extension for WebGL target not found
Mono: successfully reloaded assembly
- Finished resetting the current domain, in  0.620 seconds
Domain Reload Profiling: 1137ms
	BeginReloadAssembly (163ms)
		ExecutionOrderSort (0ms)
		DisableScriptedObjects (5ms)
		BackupInstance (0ms)
		ReleaseScriptingObjects (0ms)
		CreateAndSetChildDomain (44ms)
	RebuildCommonClasses (32ms)
	RebuildNativeTypeToScriptingClass (12ms)
	initialDomainReloadingComplete (23ms)
	LoadAllAssembliesAndSetupDomain (287ms)
		LoadAssemblies (251ms)
		RebuildTransferFunctionScriptingTraits (0ms)
		AnalyzeDomain (116ms)
			TypeCache.Refresh (5ms)
				TypeCache.ScanAssembly (0ms)
			BuildScriptInfoCaches (104ms)
			ResolveRequiredComponents (4ms)
	FinalizeReload (620ms)
		ReleaseScriptCaches (0ms)
		RebuildScriptCaches (0ms)
		SetupLoadedEditorAssemblies (511ms)
			LogAssemblyErrors (0ms)
			InitializePlatformSupportModulesInManaged (11ms)
			SetLoadedEditorAssemblies (5ms)
			BeforeProcessingInitializeOnLoad (71ms)
			ProcessInitializeOnLoadAttributes (399ms)
			ProcessInitializeOnLoadMethodAttributes (20ms)
			AfterProcessingInitializeOnLoad (5ms)
			EditorAssembliesLoaded (0ms)
		ExecutionOrderSort2 (0ms)
		AwakeInstancesAfterBackupRestoration (5ms)
Refreshing native plugins compatible for Editor in 0.96 ms, found 3 plugins.
Preloading 0 native plugins for Editor in 0.00 ms.
Unloading 0 Unused Serialized files (Serialized files now loaded: 0)
Unloading 3704 unused Assets / (0.9 MB). Loaded Objects now: 4197.
Memory consumption went from 87.0 MB to 86.1 MB.
Total: 6.838900 ms (FindLiveObjects: 0.472500 ms CreateObjectMapping: 0.498500 ms MarkObjects: 4.809600 ms  DeleteObjects: 1.057300 ms)

Prepare: number of updated asset objects reloaded= 0
========================================================================
Received Prepare
Refreshing native plugins compatible for Editor in 1.75 ms, found 3 plugins.
Preloading 0 native plugins for Editor in 0.00 ms.
Unloading 0 Unused Serialized files (Serialized files now loaded: 0)
Unloading 3698 unused Assets / (0.7 MB). Loaded Objects now: 4198.
Memory consumption went from 87.2 MB to 86.5 MB.
Total: 6.804800 ms (FindLiveObjects: 0.390200 ms CreateObjectMapping: 0.322000 ms MarkObjects: 5.275400 ms  DeleteObjects: 0.816400 ms)

Prepare: number of updated asset objects reloaded= 0
========================================================================
Received Prepare
Begin MonoManager ReloadAssembly
- Loaded All Assemblies, in  0.557 seconds
Refreshing native plugins compatible for Editor in 0.88 ms, found 3 plugins.
Native extension for Android target not found
Native extension for UWP target not found
Native extension for WindowsStandalone target not found
Native extension for WebGL target not found
Mono: successfully reloaded assembly
- Finished resetting the current domain, in  0.622 seconds
Domain Reload Profiling: 1178ms
	BeginReloadAssembly (192ms)
		ExecutionOrderSort (0ms)
		DisableScriptedObjects (4ms)
		BackupInstance (0ms)
		ReleaseScriptingObjects (0ms)
		CreateAndSetChildDomain (56ms)
	RebuildCommonClasses (38ms)
	RebuildNativeTypeToScriptingClass (12ms)
	initialDomainReloadingComplete (26ms)
	LoadAllAssembliesAndSetupDomain (289ms)
		LoadAssemblies (268ms)
		RebuildTransferFunctionScriptingTraits (0ms)
		AnalyzeDomain (117ms)
			TypeCache.Refresh (7ms)
				TypeCache.ScanAssembly (0ms)
			BuildScriptInfoCaches (104ms)
			ResolveRequiredComponents (3ms)
	FinalizeReload (622ms)
		ReleaseScriptCaches (0ms)
		RebuildScriptCaches (0ms)
		SetupLoadedEditorAssemblies (520ms)
			LogAssemblyErrors (0ms)
			InitializePlatformSupportModulesInManaged (11ms)
			SetLoadedEditorAssemblies (4ms)
			BeforeProcessingInitializeOnLoad (75ms)
			ProcessInitializeOnLoadAttributes (403ms)
			ProcessInitializeOnLoadMethodAttributes (20ms)
			AfterProcessingInitializeOnLoad (6ms)
			EditorAssembliesLoaded (0ms)
		ExecutionOrderSort2 (0ms)
		AwakeInstancesAfterBackupRestoration (5ms)
Refreshing native plugins compatible for Editor in 1.21 ms, found 3 plugins.
Preloading 0 native plugins for Editor in 0.00 ms.
Unloading 0 Unused Serialized files (Serialized files now loaded: 0)
Unloading 3705 unused Assets / (0.7 MB). Loaded Objects now: 4198.
Memory consumption went from 87.0 MB to 86.3 MB.
Total: 4.889600 ms (FindLiveObjects: 0.371300 ms CreateObjectMapping: 0.105600 ms MarkObjects: 3.623900 ms  DeleteObjects: 0.787900 ms)

Prepare: number of updated asset objects reloaded= 0
========================================================================
Received Import Request.
  Time since last request: 1722.691801 seconds.
  path: Assets/Script/스테이트 패턴/EnemyStateControllor.cs
  artifactKey: Guid(60e359b206815744289e15c5055f191f) Importer(815301076,1909f56bfc062723c751e8b465ee728b)
Start importing Assets/Script/스테이트 패턴/EnemyStateControllor.cs using Guid(60e359b206815744289e15c5055f191f) Importer(815301076,1909f56bfc062723c751e8b465ee728b) (PreviewImporter) -> (artifact id: '8250338f72cfa570c32eca0e6e194d99') in 0.0031256 seconds
Number of updated asset objects reloaded before import = 0Number of asset objects unloaded after import = 0

========================================================================
Received Prepare
Refreshing native plugins compatible for Editor in 1.13 ms, found 3 plugins.
Preloading 0 native plugins for Editor in 0.00 ms.
Unloading 0 Unused Serialized files (Serialized files now loaded: 0)
Unloading 3698 unused Assets / (0.9 MB). Loaded Objects now: 4198.
Memory consumption went from 87.2 MB to 86.3 MB.
Total: 7.324400 ms (FindLiveObjects: 0.619600 ms CreateObjectMapping: 0.520000 ms MarkObjects: 5.056800 ms  DeleteObjects: 1.127100 ms)

Prepare: number of updated asset objects reloaded= 0
========================================================================
Received Prepare
Begin MonoManager ReloadAssembly
- Loaded All Assemblies, in  0.528 seconds
Refreshing native plugins compatible for Editor in 1.24 ms, found 3 plugins.
Native extension for Android target not found
Native extension for UWP target not found
Native extension for WindowsStandalone target not found
Native extension for WebGL target not found
Mono: successfully reloaded assembly
- Finished resetting the current domain, in  0.641 seconds
Domain Reload Profiling: 1168ms
	BeginReloadAssembly (170ms)
		ExecutionOrderSort (0ms)
		DisableScriptedObjects (5ms)
		BackupInstance (0ms)
		ReleaseScriptingObjects (0ms)
		CreateAndSetChildDomain (48ms)
	RebuildCommonClasses (30ms)
	RebuildNativeTypeToScriptingClass (9ms)
	initialDomainReloadingComplete (25ms)
	LoadAllAssembliesAndSetupDomain (293ms)
		LoadAssemblies (255ms)
		RebuildTransferFunctionScriptingTraits (0ms)
		AnalyzeDomain (122ms)
			TypeCache.Refresh (6ms)
				TypeCache.ScanAssembly (0ms)
			BuildScriptInfoCaches (110ms)
			ResolveRequiredComponents (3ms)
	FinalizeReload (641ms)
		ReleaseScriptCaches (0ms)
		RebuildScriptCaches (0ms)
		SetupLoadedEditorAssemblies (534ms)
			LogAssemblyErrors (0ms)
			InitializePlatformSupportModulesInManaged (13ms)
			SetLoadedEditorAssemblies (4ms)
			BeforeProcessingInitializeOnLoad (80ms)
			ProcessInitializeOnLoadAttributes (412ms)
			ProcessInitializeOnLoadMethodAttributes (19ms)
			AfterProcessingInitializeOnLoad (5ms)
			EditorAssembliesLoaded (0ms)
		ExecutionOrderSort2 (0ms)
		AwakeInstancesAfterBackupRestoration (5ms)
Refreshing native plugins compatible for Editor in 0.86 ms, found 3 plugins.
Preloading 0 native plugins for Editor in 0.00 ms.
Unloading 0 Unused Serialized files (Serialized files now loaded: 0)
Unloading 3705 unused Assets / (1.0 MB). Loaded Objects now: 4198.
Memory consumption went from 87.0 MB to 86.0 MB.
Total: 6.488900 ms (FindLiveObjects: 0.356600 ms CreateObjectMapping: 0.235100 ms MarkObjects: 4.929400 ms  DeleteObjects: 0.966900 ms)

Prepare: number of updated asset objects reloaded= 0
========================================================================
Received Prepare
Refreshing native plugins compatible for Editor in 1.14 ms, found 3 plugins.
Preloading 0 native plugins for Editor in 0.00 ms.
Unloading 0 Unused Serialized files (Serialized files now loaded: 0)
Unloading 3698 unused Assets / (0.9 MB). Loaded Objects now: 4198.
Memory consumption went from 87.2 MB to 86.2 MB.
Total: 5.643100 ms (FindLiveObjects: 0.355400 ms CreateObjectMapping: 0.234000 ms MarkObjects: 4.194200 ms  DeleteObjects: 0.858500 ms)

Prepare: number of updated asset objects reloaded= 0
========================================================================
Received Prepare
Begin MonoManager ReloadAssembly
- Loaded All Assemblies, in  0.519 seconds
Refreshing native plugins compatible for Editor in 1.41 ms, found 3 plugins.
Native extension for Android target not found
Native extension for UWP target not found
Native extension for WindowsStandalone target not found
Native extension for WebGL target not found
Mono: successfully reloaded assembly
- Finished resetting the current domain, in  0.551 seconds
Domain Reload Profiling: 1069ms
	BeginReloadAssembly (163ms)
		ExecutionOrderSort (0ms)
		DisableScriptedObjects (4ms)
		BackupInstance (0ms)
		ReleaseScriptingObjects (0ms)
		CreateAndSetChildDomain (44ms)
	RebuildCommonClasses (30ms)
	RebuildNativeTypeToScriptingClass (12ms)
	initialDomainReloadingComplete (27ms)
	LoadAllAssembliesAndSetupDomain (285ms)
		LoadAssemblies (241ms)
		RebuildTransferFunctionScriptingTraits (0ms)
		AnalyzeDomain (127ms)
			TypeCache.Refresh (6ms)
				TypeCache.ScanAssembly (0ms)
			BuildScriptInfoCaches (113ms)
			ResolveRequiredComponents (4ms)
	FinalizeReload (551ms)
		ReleaseScriptCaches (0ms)
		RebuildScriptCaches (0ms)
		SetupLoadedEditorAssemblies (441ms)
			LogAssemblyErrors (0ms)
			InitializePlatformSupportModulesInManaged (13ms)
			SetLoadedEditorAssemblies (4ms)
			BeforeProcessingInitializeOnLoad (70ms)
			ProcessInitializeOnLoadAttributes (332ms)
			ProcessInitializeOnLoadMethodAttributes (17ms)
			AfterProcessingInitializeOnLoad (5ms)
			EditorAssembliesLoaded (0ms)
		ExecutionOrderSort2 (0ms)
		AwakeInstancesAfterBackupRestoration (5ms)
Refreshing native plugins compatible for Editor in 0.89 ms, found 3 plugins.
Preloading 0 native plugins for Editor in 0.00 ms.
Unloading 0 Unused Serialized files (Serialized files now loaded: 0)
Unloading 3705 unused Assets / (1.0 MB). Loaded Objects now: 4198.
Memory consumption went from 87.0 MB to 86.0 MB.
Total: 5.772300 ms (FindLiveObjects: 0.378900 ms CreateObjectMapping: 0.465800 ms MarkObjects: 4.073500 ms  DeleteObjects: 0.853400 ms)

Prepare: number of updated asset objects reloaded= 0
========================================================================
Received Prepare
Refreshing native plugins compatible for Editor in 1.37 ms, found 3 plugins.
Preloading 0 native plugins for Editor in 0.00 ms.
Unloading 0 Unused Serialized files (Serialized files now loaded: 0)
Unloading 3698 unused Assets / (0.9 MB). Loaded Objects now: 4198.
Memory consumption went from 87.2 MB to 86.3 MB.
Total: 7.756300 ms (FindLiveObjects: 0.594300 ms CreateObjectMapping: 0.595100 ms MarkObjects: 5.423600 ms  DeleteObjects: 1.142100 ms)

Prepare: number of updated asset objects reloaded= 0
========================================================================
Received Import Request.
  Time since last request: 345.845205 seconds.
  path: Assets/Script/스테이트 패턴/EnemyStateControllor.cs
  artifactKey: Guid(60e359b206815744289e15c5055f191f) Importer(815301076,1909f56bfc062723c751e8b465ee728b)
Start importing Assets/Script/스테이트 패턴/EnemyStateControllor.cs using Guid(60e359b206815744289e15c5055f191f) Importer(815301076,1909f56bfc062723c751e8b465ee728b) (PreviewImporter) -> (artifact id: 'b2e1c56c339484cb1a0657f94d8c7925') in 0.0037598 seconds
Number of updated asset objects reloaded before import = 0Number of asset objects unloaded after import = 0

========================================================================
Received Prepare
Begin MonoManager ReloadAssembly
- Loaded All Assemblies, in  0.528 seconds
Refreshing native plugins compatible for Editor in 1.35 ms, found 3 plugins.
Native extension for Android target not found
Native extension for UWP target not found
Native extension for WindowsStandalone target not found
Native extension for WebGL target not found
Mono: successfully reloaded assembly
- Finished resetting the current domain, in  0.587 seconds
Domain Reload Profiling: 1113ms
	BeginReloadAssembly (172ms)
		ExecutionOrderSort (0ms)
		DisableScriptedObjects (4ms)
		BackupInstance (0ms)
		ReleaseScriptingObjects (0ms)
		CreateAndSetChildDomain (51ms)
	RebuildCommonClasses (29ms)
	RebuildNativeTypeToScriptingClass (11ms)
	initialDomainReloadingComplete (25ms)
	LoadAllAssembliesAndSetupDomain (288ms)
		LoadAssemblies (253ms)
		RebuildTransferFunctionScriptingTraits (0ms)
		AnalyzeDomain (117ms)
			TypeCache.Refresh (6ms)
				TypeCache.ScanAssembly (0ms)
			BuildScriptInfoCaches (103ms)
			ResolveRequiredComponents (4ms)
	FinalizeReload (587ms)
		ReleaseScriptCaches (0ms)
		RebuildScriptCaches (0ms)
		SetupLoadedEditorAssemblies (483ms)
			LogAssemblyErrors (0ms)
			InitializePlatformSupportModulesInManaged (10ms)
			SetLoadedEditorAssemblies (3ms)
			BeforeProcessingInitializeOnLoad (71ms)
			ProcessInitializeOnLoadAttributes (375ms)
			ProcessInitializeOnLoadMethodAttributes (18ms)
			AfterProcessingInitializeOnLoad (5ms)
			EditorAssembliesLoaded (0ms)
		ExecutionOrderSort2 (0ms)
		AwakeInstancesAfterBackupRestoration (5ms)
Refreshing native plugins compatible for Editor in 1.34 ms, found 3 plugins.
Preloading 0 native plugins for Editor in 0.00 ms.
Unloading 0 Unused Serialized files (Serialized files now loaded: 0)
Unloading 3705 unused Assets / (0.8 MB). Loaded Objects now: 4198.
Memory consumption went from 87.0 MB to 86.2 MB.
Total: 4.920500 ms (FindLiveObjects: 0.410400 ms CreateObjectMapping: 0.122800 ms MarkObjects: 3.535100 ms  DeleteObjects: 0.851400 ms)

Prepare: number of updated asset objects reloaded= 0
========================================================================
Received Prepare
Refreshing native plugins compatible for Editor in 1.33 ms, found 3 plugins.
Preloading 0 native plugins for Editor in 0.00 ms.
Unloading 0 Unused Serialized files (Serialized files now loaded: 0)
Unloading 3698 unused Assets / (1.1 MB). Loaded Objects now: 4198.
Memory consumption went from 87.2 MB to 86.1 MB.
Total: 6.953400 ms (FindLiveObjects: 0.602600 ms CreateObjectMapping: 0.176800 ms MarkObjects: 4.743500 ms  DeleteObjects: 1.429200 ms)

Prepare: number of updated asset objects reloaded= 0
========================================================================
Received Prepare
Begin MonoManager ReloadAssembly
- Loaded All Assemblies, in  0.505 seconds
Refreshing native plugins compatible for Editor in 1.02 ms, found 3 plugins.
Native extension for Android target not found
Native extension for UWP target not found
Native extension for WindowsStandalone target not found
Native extension for WebGL target not found
Mono: successfully reloaded assembly
- Finished resetting the current domain, in  0.562 seconds
Domain Reload Profiling: 1066ms
	BeginReloadAssembly (160ms)
		ExecutionOrderSort (0ms)
		DisableScriptedObjects (4ms)
		BackupInstance (0ms)
		ReleaseScriptingObjects (0ms)
		CreateAndSetChildDomain (42ms)
	RebuildCommonClasses (30ms)
	RebuildNativeTypeToScriptingClass (11ms)
	initialDomainReloadingComplete (22ms)
	LoadAllAssembliesAndSetupDomain (281ms)
		LoadAssemblies (242ms)
		RebuildTransferFunctionScriptingTraits (0ms)
		AnalyzeDomain (122ms)
			TypeCache.Refresh (7ms)
				TypeCache.ScanAssembly (0ms)
			BuildScriptInfoCaches (109ms)
			ResolveRequiredComponents (3ms)
	FinalizeReload (562ms)
		ReleaseScriptCaches (0ms)
		RebuildScriptCaches (0ms)
		SetupLoadedEditorAssemblies (458ms)
			LogAssemblyErrors (0ms)
			InitializePlatformSupportModulesInManaged (11ms)
			SetLoadedEditorAssemblies (4ms)
			BeforeProcessingInitializeOnLoad (75ms)
			ProcessInitializeOnLoadAttributes (346ms)
			ProcessInitializeOnLoadMethodAttributes (18ms)
			AfterProcessingInitializeOnLoad (4ms)
			EditorAssembliesLoaded (0ms)
		ExecutionOrderSort2 (0ms)
		AwakeInstancesAfterBackupRestoration (4ms)
Refreshing native plugins compatible for Editor in 0.94 ms, found 3 plugins.
Preloading 0 native plugins for Editor in 0.00 ms.
Unloading 0 Unused Serialized files (Serialized files now loaded: 0)
Unloading 3705 unused Assets / (0.9 MB). Loaded Objects now: 4198.
Memory consumption went from 87.0 MB to 86.1 MB.
Total: 5.766500 ms (FindLiveObjects: 0.365600 ms CreateObjectMapping: 0.237100 ms MarkObjects: 4.400100 ms  DeleteObjects: 0.762900 ms)

Prepare: number of updated asset objects reloaded= 0
========================================================================
Received Prepare
Refreshing native plugins compatible for Editor in 1.48 ms, found 3 plugins.
Preloading 0 native plugins for Editor in 0.00 ms.
Unloading 0 Unused Serialized files (Serialized files now loaded: 0)
Unloading 3699 unused Assets / (0.9 MB). Loaded Objects now: 4199.
Memory consumption went from 87.2 MB to 86.3 MB.
Total: 6.419200 ms (FindLiveObjects: 0.374700 ms CreateObjectMapping: 0.367900 ms MarkObjects: 4.858300 ms  DeleteObjects: 0.816900 ms)

Prepare: number of updated asset objects reloaded= 0
========================================================================
Received Prepare
Begin MonoManager ReloadAssembly
- Loaded All Assemblies, in  0.516 seconds
Refreshing native plugins compatible for Editor in 0.91 ms, found 3 plugins.
Native extension for Android target not found
Native extension for UWP target not found
Native extension for WindowsStandalone target not found
Native extension for WebGL target not found
Mono: successfully reloaded assembly
- Finished resetting the current domain, in  0.580 seconds
Domain Reload Profiling: 1094ms
	BeginReloadAssembly (175ms)
		ExecutionOrderSort (0ms)
		DisableScriptedObjects (5ms)
		BackupInstance (0ms)
		ReleaseScriptingObjects (0ms)
		CreateAndSetChildDomain (49ms)
	RebuildCommonClasses (28ms)
	RebuildNativeTypeToScriptingClass (10ms)
	initialDomainReloadingComplete (23ms)
	LoadAllAssembliesAndSetupDomain (277ms)
		LoadAssemblies (248ms)
		RebuildTransferFunctionScriptingTraits (0ms)
		AnalyzeDomain (114ms)
			TypeCache.Refresh (6ms)
				TypeCache.ScanAssembly (0ms)
			BuildScriptInfoCaches (103ms)
			ResolveRequiredComponents (3ms)
	FinalizeReload (581ms)
		ReleaseScriptCaches (0ms)
		RebuildScriptCaches (0ms)
		SetupLoadedEditorAssemblies (491ms)
			LogAssemblyErrors (0ms)
			InitializePlatformSupportModulesInManaged (9ms)
			SetLoadedEditorAssemblies (3ms)
			BeforeProcessingInitializeOnLoad (77ms)
			ProcessInitializeOnLoadAttributes (374ms)
			ProcessInitializeOnLoadMethodAttributes (21ms)
			AfterProcessingInitializeOnLoad (6ms)
			EditorAssembliesLoaded (0ms)
		ExecutionOrderSort2 (0ms)
		AwakeInstancesAfterBackupRestoration (5ms)
Refreshing native plugins compatible for Editor in 1.18 ms, found 3 plugins.
Preloading 0 native plugins for Editor in 0.00 ms.
Unloading 0 Unused Serialized files (Serialized files now loaded: 0)
Unloading 3706 unused Assets / (1.0 MB). Loaded Objects now: 4199.
Memory consumption went from 87.0 MB to 86.0 MB.
Total: 7.033200 ms (FindLiveObjects: 0.813900 ms CreateObjectMapping: 0.712100 ms MarkObjects: 4.565900 ms  DeleteObjects: 0.940300 ms)

Prepare: number of updated asset objects reloaded= 0
========================================================================
Received Import Request.
  Time since last request: 299.791148 seconds.
  path: Assets/Script/스테이트 패턴/IState.cs
  artifactKey: Guid(47eda690bb4a53f43801bb06597f6aad) Importer(815301076,1909f56bfc062723c751e8b465ee728b)
Start importing Assets/Script/스테이트 패턴/IState.cs using Guid(47eda690bb4a53f43801bb06597f6aad) Importer(815301076,1909f56bfc062723c751e8b465ee728b) (PreviewImporter) -> (artifact id: 'e118ed8a894d579db57a0faceead9323') in 0.0030572 seconds
Number of updated asset objects reloaded before import = 0Number of asset objects unloaded after import = 0

========================================================================
Received Prepare
Refreshing native plugins compatible for Editor in 1.26 ms, found 3 plugins.
Preloading 0 native plugins for Editor in 0.00 ms.
Unloading 0 Unused Serialized files (Serialized files now loaded: 0)
Unloading 3700 unused Assets / (0.8 MB). Loaded Objects now: 4200.
Memory consumption went from 87.2 MB to 86.4 MB.
Total: 6.907900 ms (FindLiveObjects: 0.484700 ms CreateObjectMapping: 0.148900 ms MarkObjects: 5.229500 ms  DeleteObjects: 1.043300 ms)

Prepare: number of updated asset objects reloaded= 0
========================================================================
Received Prepare
Refreshing native plugins compatible for Editor in 1.17 ms, found 3 plugins.
Preloading 0 native plugins for Editor in 0.00 ms.
Unloading 0 Unused Serialized files (Serialized files now loaded: 0)
Unloading 3700 unused Assets / (0.7 MB). Loaded Objects now: 4200.
Memory consumption went from 87.2 MB to 86.5 MB.
Total: 6.024800 ms (FindLiveObjects: 0.467500 ms CreateObjectMapping: 0.267400 ms MarkObjects: 4.322800 ms  DeleteObjects: 0.966000 ms)

Prepare: number of updated asset objects reloaded= 0
========================================================================
Received Prepare
Begin MonoManager ReloadAssembly
- Loaded All Assemblies, in  0.516 seconds
Refreshing native plugins compatible for Editor in 1.13 ms, found 3 plugins.
Native extension for Android target not found
Native extension for UWP target not found
Native extension for WindowsStandalone target not found
Native extension for WebGL target not found
Mono: successfully reloaded assembly
- Finished resetting the current domain, in  0.587 seconds
Domain Reload Profiling: 1103ms
	BeginReloadAssembly (171ms)
		ExecutionOrderSort (0ms)
		DisableScriptedObjects (4ms)
		BackupInstance (0ms)
		ReleaseScriptingObjects (0ms)
		CreateAndSetChildDomain (52ms)
	RebuildCommonClasses (26ms)
	RebuildNativeTypeToScriptingClass (9ms)
	initialDomainReloadingComplete (21ms)
	LoadAllAssembliesAndSetupDomain (288ms)
		LoadAssemblies (252ms)
		RebuildTransferFunctionScriptingTraits (0ms)
		AnalyzeDomain (118ms)
			TypeCache.Refresh (5ms)
				TypeCache.ScanAssembly (0ms)
			BuildScriptInfoCaches (106ms)
			ResolveRequiredComponents (4ms)
	FinalizeReload (587ms)
		ReleaseScriptCaches (0ms)
		RebuildScriptCaches (0ms)
		SetupLoadedEditorAssemblies (488ms)
			LogAssemblyErrors (0ms)
			InitializePlatformSupportModulesInManaged (11ms)
			SetLoadedEditorAssemblies (4ms)
			BeforeProcessingInitializeOnLoad (67ms)
			ProcessInitializeOnLoadAttributes (379ms)
			ProcessInitializeOnLoadMethodAttributes (20ms)
			AfterProcessingInitializeOnLoad (6ms)
			EditorAssembliesLoaded (0ms)
		ExecutionOrderSort2 (0ms)
		AwakeInstancesAfterBackupRestoration (5ms)
Refreshing native plugins compatible for Editor in 1.48 ms, found 3 plugins.
Preloading 0 native plugins for Editor in 0.00 ms.
Unloading 0 Unused Serialized files (Serialized files now loaded: 0)
Unloading 3707 unused Assets / (1.2 MB). Loaded Objects now: 4200.
Memory consumption went from 87.0 MB to 85.8 MB.
Total: 8.487200 ms (FindLiveObjects: 0.570600 ms CreateObjectMapping: 0.528100 ms MarkObjects: 6.286200 ms  DeleteObjects: 1.101200 ms)

Prepare: number of updated asset objects reloaded= 0
========================================================================
Received Import Request.
  Time since last request: 75.094960 seconds.
  path: Assets/Script/스테이트 패턴/IdleState.cs
  artifactKey: Guid(8b9501515893ed3439bb046992053ab3) Importer(815301076,1909f56bfc062723c751e8b465ee728b)
Start importing Assets/Script/스테이트 패턴/IdleState.cs using Guid(8b9501515893ed3439bb046992053ab3) Importer(815301076,1909f56bfc062723c751e8b465ee728b) (PreviewImporter) -> (artifact id: 'da3a4939a9b95a7929af2f84b4eae5b5') in 0.0026274 seconds
Number of updated asset objects reloaded before import = 0Number of asset objects unloaded after import = 0

========================================================================
Received Prepare
Refreshing native plugins compatible for Editor in 1.30 ms, found 3 plugins.
Preloading 0 native plugins for Editor in 0.00 ms.
Unloading 0 Unused Serialized files (Serialized files now loaded: 0)
Unloading 3700 unused Assets / (0.9 MB). Loaded Objects now: 4200.
Memory consumption went from 87.2 MB to 86.3 MB.
Total: 10.082300 ms (FindLiveObjects: 0.661000 ms CreateObjectMapping: 0.347200 ms MarkObjects: 7.783500 ms  DeleteObjects: 1.288700 ms)

Prepare: number of updated asset objects reloaded= 0
========================================================================
Received Import Request.
  Time since last request: 147.432018 seconds.
  path: Assets/Script/스테이트 패턴/IdleState.cs
  artifactKey: Guid(8b9501515893ed3439bb046992053ab3) Importer(815301076,1909f56bfc062723c751e8b465ee728b)
Start importing Assets/Script/스테이트 패턴/IdleState.cs using Guid(8b9501515893ed3439bb046992053ab3) Importer(815301076,1909f56bfc062723c751e8b465ee728b) (PreviewImporter) -> (artifact id: 'ca5328b89e89131ac83ba9bdfa5699a5') in 0.0013914 seconds
Number of updated asset objects reloaded before import = 0Number of asset objects unloaded after import = 0

========================================================================
Received Prepare
Begin MonoManager ReloadAssembly
- Loaded All Assemblies, in  0.609 seconds
Refreshing native plugins compatible for Editor in 1.33 ms, found 3 plugins.
Native extension for Android target not found
Native extension for UWP target not found
Native extension for WindowsStandalone target not found
Native extension for WebGL target not found
Mono: successfully reloaded assembly
- Finished resetting the current domain, in  0.627 seconds
Domain Reload Profiling: 1235ms
	BeginReloadAssembly (181ms)
		ExecutionOrderSort (0ms)
		DisableScriptedObjects (6ms)
		BackupInstance (0ms)
		ReleaseScriptingObjects (0ms)
		CreateAndSetChildDomain (48ms)
	RebuildCommonClasses (36ms)
	RebuildNativeTypeToScriptingClass (12ms)
	initialDomainReloadingComplete (28ms)
	LoadAllAssembliesAndSetupDomain (351ms)
		LoadAssemblies (290ms)
		RebuildTransferFunctionScriptingTraits (0ms)
		AnalyzeDomain (153ms)
			TypeCache.Refresh (7ms)
				TypeCache.ScanAssembly (0ms)
			BuildScriptInfoCaches (138ms)
			ResolveRequiredComponents (5ms)
	FinalizeReload (627ms)
		ReleaseScriptCaches (0ms)
		RebuildScriptCaches (0ms)
		SetupLoadedEditorAssemblies (518ms)
			LogAssemblyErrors (0ms)
			InitializePlatformSupportModulesInManaged (13ms)
			SetLoadedEditorAssemblies (5ms)
			BeforeProcessingInitializeOnLoad (85ms)
			ProcessInitializeOnLoadAttributes (390ms)
			ProcessInitializeOnLoadMethodAttributes (20ms)
			AfterProcessingInitializeOnLoad (6ms)
			EditorAssembliesLoaded (0ms)
		ExecutionOrderSort2 (0ms)
		AwakeInstancesAfterBackupRestoration (4ms)
Refreshing native plugins compatible for Editor in 0.95 ms, found 3 plugins.
Preloading 0 native plugins for Editor in 0.00 ms.
Unloading 0 Unused Serialized files (Serialized files now loaded: 0)
Unloading 3707 unused Assets / (0.9 MB). Loaded Objects now: 4200.
Memory consumption went from 87.0 MB to 86.1 MB.
Total: 7.710600 ms (FindLiveObjects: 0.613600 ms CreateObjectMapping: 0.237800 ms MarkObjects: 5.871100 ms  DeleteObjects: 0.986900 ms)

Prepare: number of updated asset objects reloaded= 0
========================================================================
Received Prepare
Refreshing native plugins compatible for Editor in 1.20 ms, found 3 plugins.
Preloading 0 native plugins for Editor in 0.00 ms.
Unloading 0 Unused Serialized files (Serialized files now loaded: 0)
Unloading 3701 unused Assets / (0.9 MB). Loaded Objects now: 4201.
Memory consumption went from 87.2 MB to 86.3 MB.
Total: 7.109100 ms (FindLiveObjects: 0.484800 ms CreateObjectMapping: 0.511200 ms MarkObjects: 5.056200 ms  DeleteObjects: 1.055700 ms)

Prepare: number of updated asset objects reloaded= 0
========================================================================
Received Prepare
Begin MonoManager ReloadAssembly
- Loaded All Assemblies, in  0.518 seconds
Refreshing native plugins compatible for Editor in 1.20 ms, found 3 plugins.
Native extension for Android target not found
Native extension for UWP target not found
Native extension for WindowsStandalone target not found
Native extension for WebGL target not found
Mono: successfully reloaded assembly
- Finished resetting the current domain, in  0.603 seconds
Domain Reload Profiling: 1119ms
	BeginReloadAssembly (164ms)
		ExecutionOrderSort (0ms)
		DisableScriptedObjects (5ms)
		BackupInstance (0ms)
		ReleaseScriptingObjects (0ms)
		CreateAndSetChildDomain (45ms)
	RebuildCommonClasses (29ms)
	RebuildNativeTypeToScriptingClass (10ms)
	initialDomainReloadingComplete (22ms)
	LoadAllAssembliesAndSetupDomain (291ms)
		LoadAssemblies (249ms)
		RebuildTransferFunctionScriptingTraits (0ms)
		AnalyzeDomain (122ms)
			TypeCache.Refresh (6ms)
				TypeCache.ScanAssembly (0ms)
			BuildScriptInfoCaches (110ms)
			ResolveRequiredComponents (3ms)
	FinalizeReload (603ms)
		ReleaseScriptCaches (0ms)
		RebuildScriptCaches (0ms)
		SetupLoadedEditorAssemblies (499ms)
			LogAssemblyErrors (0ms)
			InitializePlatformSupportModulesInManaged (12ms)
			SetLoadedEditorAssemblies (4ms)
			BeforeProcessingInitializeOnLoad (74ms)
			ProcessInitializeOnLoadAttributes (383ms)
			ProcessInitializeOnLoadMethodAttributes (19ms)
			AfterProcessingInitializeOnLoad (6ms)
			EditorAssembliesLoaded (0ms)
		ExecutionOrderSort2 (0ms)
		AwakeInstancesAfterBackupRestoration (5ms)
Refreshing native plugins compatible for Editor in 1.12 ms, found 3 plugins.
Preloading 0 native plugins for Editor in 0.00 ms.
Unloading 0 Unused Serialized files (Serialized files now loaded: 0)
Unloading 3708 unused Assets / (0.6 MB). Loaded Objects now: 4201.
Memory consumption went from 87.0 MB to 86.4 MB.
Total: 5.051400 ms (FindLiveObjects: 0.349300 ms CreateObjectMapping: 0.237300 ms MarkObjects: 3.634600 ms  DeleteObjects: 0.829400 ms)

Prepare: number of updated asset objects reloaded= 0
========================================================================
Received Import Request.
  Time since last request: 15.060489 seconds.
  path: Assets/Script/스테이트 패턴/RunState.cs
  artifactKey: Guid(fa11c9fd01ad4764389ff8607c68fb85) Importer(815301076,1909f56bfc062723c751e8b465ee728b)
Start importing Assets/Script/스테이트 패턴/RunState.cs using Guid(fa11c9fd01ad4764389ff8607c68fb85) Importer(815301076,1909f56bfc062723c751e8b465ee728b) (PreviewImporter) -> (artifact id: '68aed9e3e20660045f908432f3d2f7b7') in 0.0024585 seconds
Number of updated asset objects reloaded before import = 0Number of asset objects unloaded after import = 0

========================================================================
Received Prepare
Refreshing native plugins compatible for Editor in 0.95 ms, found 3 plugins.
Preloading 0 native plugins for Editor in 0.00 ms.
Unloading 0 Unused Serialized files (Serialized files now loaded: 0)
Unloading 3701 unused Assets / (0.7 MB). Loaded Objects now: 4201.
Memory consumption went from 87.2 MB to 86.5 MB.
Total: 5.314200 ms (FindLiveObjects: 0.373900 ms CreateObjectMapping: 0.118800 ms MarkObjects: 3.965800 ms  DeleteObjects: 0.854800 ms)

Prepare: number of updated asset objects reloaded= 0
========================================================================
Received Import Request.
  Time since last request: 36.747290 seconds.
  path: Assets/Script/스테이트 패턴/RunState.cs
  artifactKey: Guid(fa11c9fd01ad4764389ff8607c68fb85) Importer(815301076,1909f56bfc062723c751e8b465ee728b)
Start importing Assets/Script/스테이트 패턴/RunState.cs using Guid(fa11c9fd01ad4764389ff8607c68fb85) Importer(815301076,1909f56bfc062723c751e8b465ee728b) (PreviewImporter) -> (artifact id: 'da708722425812a37aa6007668146af4') in 0.001185 seconds
Number of updated asset objects reloaded before import = 0Number of asset objects unloaded after import = 0

========================================================================
Received Prepare
Begin MonoManager ReloadAssembly
- Loaded All Assemblies, in  0.526 seconds
Refreshing native plugins compatible for Editor in 1.25 ms, found 3 plugins.
Native extension for Android target not found
Native extension for UWP target not found
Native extension for WindowsStandalone target not found
Native extension for WebGL target not found
Mono: successfully reloaded assembly
- Finished resetting the current domain, in  0.617 seconds
Domain Reload Profiling: 1142ms
	BeginReloadAssembly (171ms)
		ExecutionOrderSort (0ms)
		DisableScriptedObjects (4ms)
		BackupInstance (0ms)
		ReleaseScriptingObjects (0ms)
		CreateAndSetChildDomain (44ms)
	RebuildCommonClasses (34ms)
	RebuildNativeTypeToScriptingClass (9ms)
	initialDomainReloadingComplete (24ms)
	LoadAllAssembliesAndSetupDomain (287ms)
		LoadAssemblies (255ms)
		RebuildTransferFunctionScriptingTraits (0ms)
		AnalyzeDomain (123ms)
			TypeCache.Refresh (6ms)
				TypeCache.ScanAssembly (0ms)
			BuildScriptInfoCaches (111ms)
			ResolveRequiredComponents (4ms)
	FinalizeReload (617ms)
		ReleaseScriptCaches (0ms)
		RebuildScriptCaches (0ms)
		SetupLoadedEditorAssemblies (509ms)
			LogAssemblyErrors (0ms)
			InitializePlatformSupportModulesInManaged (12ms)
			SetLoadedEditorAssemblies (4ms)
			BeforeProcessingInitializeOnLoad (88ms)
			ProcessInitializeOnLoadAttributes (380ms)
			ProcessInitializeOnLoadMethodAttributes (19ms)
			AfterProcessingInitializeOnLoad (5ms)
			EditorAssembliesLoaded (0ms)
		ExecutionOrderSort2 (0ms)
		AwakeInstancesAfterBackupRestoration (5ms)
Refreshing native plugins compatible for Editor in 0.97 ms, found 3 plugins.
Preloading 0 native plugins for Editor in 0.00 ms.
Unloading 0 Unused Serialized files (Serialized files now loaded: 0)
Unloading 3708 unused Assets / (0.8 MB). Loaded Objects now: 4201.
Memory consumption went from 87.0 MB to 86.2 MB.
Total: 6.512100 ms (FindLiveObjects: 0.415500 ms CreateObjectMapping: 0.385700 ms MarkObjects: 4.813500 ms  DeleteObjects: 0.896300 ms)

Prepare: number of updated asset objects reloaded= 0
========================================================================
Received Prepare
Refreshing native plugins compatible for Editor in 1.21 ms, found 3 plugins.
Preloading 0 native plugins for Editor in 0.00 ms.
Unloading 0 Unused Serialized files (Serialized files now loaded: 0)
Unloading 3702 unused Assets / (0.7 MB). Loaded Objects now: 4202.
Memory consumption went from 87.2 MB to 86.5 MB.
Total: 6.724200 ms (FindLiveObjects: 0.434700 ms CreateObjectMapping: 0.427300 ms MarkObjects: 4.900700 ms  DeleteObjects: 0.960500 ms)

Prepare: number of updated asset objects reloaded= 0
========================================================================
Received Prepare
Begin MonoManager ReloadAssembly
- Loaded All Assemblies, in  0.518 seconds
Refreshing native plugins compatible for Editor in 1.17 ms, found 3 plugins.
Native extension for Android target not found
Native extension for UWP target not found
Native extension for WindowsStandalone target not found
Native extension for WebGL target not found
Mono: successfully reloaded assembly
- Finished resetting the current domain, in  0.580 seconds
Domain Reload Profiling: 1096ms
	BeginReloadAssembly (171ms)
		ExecutionOrderSort (0ms)
		DisableScriptedObjects (4ms)
		BackupInstance (0ms)
		ReleaseScriptingObjects (0ms)
		CreateAndSetChildDomain (47ms)
	RebuildCommonClasses (36ms)
	RebuildNativeTypeToScriptingClass (14ms)
	initialDomainReloadingComplete (26ms)
	LoadAllAssembliesAndSetupDomain (269ms)
		LoadAssemblies (243ms)
		RebuildTransferFunctionScriptingTraits (0ms)
		AnalyzeDomain (112ms)
			TypeCache.Refresh (6ms)
				TypeCache.ScanAssembly (0ms)
			BuildScriptInfoCaches (101ms)
			ResolveRequiredComponents (3ms)
	FinalizeReload (580ms)
		ReleaseScriptCaches (0ms)
		RebuildScriptCaches (0ms)
		SetupLoadedEditorAssemblies (480ms)
			LogAssemblyErrors (0ms)
			InitializePlatformSupportModulesInManaged (10ms)
			SetLoadedEditorAssemblies (4ms)
			BeforeProcessingInitializeOnLoad (69ms)
			ProcessInitializeOnLoadAttributes (371ms)
			ProcessInitializeOnLoadMethodAttributes (20ms)
			AfterProcessingInitializeOnLoad (5ms)
			EditorAssembliesLoaded (0ms)
		ExecutionOrderSort2 (0ms)
		AwakeInstancesAfterBackupRestoration (5ms)
Refreshing native plugins compatible for Editor in 1.00 ms, found 3 plugins.
Preloading 0 native plugins for Editor in 0.00 ms.
Unloading 0 Unused Serialized files (Serialized files now loaded: 0)
Unloading 3709 unused Assets / (0.7 MB). Loaded Objects now: 4202.
Memory consumption went from 87.0 MB to 86.4 MB.
Total: 4.848000 ms (FindLiveObjects: 0.361900 ms CreateObjectMapping: 0.117800 ms MarkObjects: 3.818900 ms  DeleteObjects: 0.548500 ms)

Prepare: number of updated asset objects reloaded= 0
========================================================================
Received Import Request.
  Time since last request: 81.227040 seconds.
  path: Assets/Script/스테이트 패턴/JumpState.cs
  artifactKey: Guid(82d8c0c3ec79246429fbb29d1920b328) Importer(815301076,1909f56bfc062723c751e8b465ee728b)
Start importing Assets/Script/스테이트 패턴/JumpState.cs using Guid(82d8c0c3ec79246429fbb29d1920b328) Importer(815301076,1909f56bfc062723c751e8b465ee728b) (PreviewImporter) -> (artifact id: '0d6a4ae6374e54a5d952e92426841e4b') in 0.0025753 seconds
Number of updated asset objects reloaded before import = 0Number of asset objects unloaded after import = 0

========================================================================
Received Prepare
Refreshing native plugins compatible for Editor in 1.31 ms, found 3 plugins.
Preloading 0 native plugins for Editor in 0.00 ms.
Unloading 0 Unused Serialized files (Serialized files now loaded: 0)
Unloading 3702 unused Assets / (0.9 MB). Loaded Objects now: 4202.
Memory consumption went from 87.2 MB to 86.3 MB.
Total: 6.685100 ms (FindLiveObjects: 0.438100 ms CreateObjectMapping: 0.513000 ms MarkObjects: 4.753200 ms  DeleteObjects: 0.979500 ms)

Prepare: number of updated asset objects reloaded= 0
========================================================================
Received Import Request.
  Time since last request: 21.630326 seconds.
  path: Assets/Script/스테이트 패턴/JumpState.cs
  artifactKey: Guid(82d8c0c3ec79246429fbb29d1920b328) Importer(815301076,1909f56bfc062723c751e8b465ee728b)
Start importing Assets/Script/스테이트 패턴/JumpState.cs using Guid(82d8c0c3ec79246429fbb29d1920b328) Importer(815301076,1909f56bfc062723c751e8b465ee728b) (PreviewImporter) -> (artifact id: '2aa15300423377c8aa181cf550804f5d') in 0.0010564 seconds
Number of updated asset objects reloaded before import = 0Number of asset objects unloaded after import = 0

========================================================================
Received Prepare
Begin MonoManager ReloadAssembly
- Loaded All Assemblies, in  0.514 seconds
Refreshing native plugins compatible for Editor in 0.97 ms, found 3 plugins.
Native extension for Android target not found
Native extension for UWP target not found
Native extension for WindowsStandalone target not found
Native extension for WebGL target not found
Mono: successfully reloaded assembly
- Finished resetting the current domain, in  0.619 seconds
Domain Reload Profiling: 1131ms
	BeginReloadAssembly (159ms)
		ExecutionOrderSort (0ms)
		DisableScriptedObjects (5ms)
		BackupInstance (0ms)
		ReleaseScriptingObjects (0ms)
		CreateAndSetChildDomain (41ms)
	RebuildCommonClasses (28ms)
	RebuildNativeTypeToScriptingClass (11ms)
	initialDomainReloadingComplete (25ms)
	LoadAllAssembliesAndSetupDomain (289ms)
		LoadAssemblies (245ms)
		RebuildTransferFunctionScriptingTraits (0ms)
		AnalyzeDomain (122ms)
			TypeCache.Refresh (6ms)
				TypeCache.ScanAssembly (0ms)
			BuildScriptInfoCaches (110ms)
			ResolveRequiredComponents (4ms)
	FinalizeReload (620ms)
		ReleaseScriptCaches (0ms)
		RebuildScriptCaches (0ms)
		SetupLoadedEditorAssemblies (515ms)
			LogAssemblyErrors (0ms)
			InitializePlatformSupportModulesInManaged (12ms)
			SetLoadedEditorAssemblies (4ms)
			BeforeProcessingInitializeOnLoad (79ms)
			ProcessInitializeOnLoadAttributes (393ms)
			ProcessInitializeOnLoadMethodAttributes (20ms)
			AfterProcessingInitializeOnLoad (6ms)
			EditorAssembliesLoaded (0ms)
		ExecutionOrderSort2 (0ms)
		AwakeInstancesAfterBackupRestoration (5ms)
Refreshing native plugins compatible for Editor in 1.01 ms, found 3 plugins.
Preloading 0 native plugins for Editor in 0.00 ms.
Unloading 0 Unused Serialized files (Serialized files now loaded: 0)
Unloading 3709 unused Assets / (0.9 MB). Loaded Objects now: 4202.
Memory consumption went from 87.0 MB to 86.2 MB.
Total: 5.862600 ms (FindLiveObjects: 0.396800 ms CreateObjectMapping: 0.106800 ms MarkObjects: 4.476400 ms  DeleteObjects: 0.881800 ms)

Prepare: number of updated asset objects reloaded= 0
========================================================================
Received Prepare
Refreshing native plugins compatible for Editor in 1.46 ms, found 3 plugins.
Preloading 0 native plugins for Editor in 0.00 ms.
Unloading 0 Unused Serialized files (Serialized files now loaded: 0)
Unloading 3703 unused Assets / (0.8 MB). Loaded Objects now: 4203.
Memory consumption went from 87.2 MB to 86.4 MB.
Total: 6.282100 ms (FindLiveObjects: 0.556600 ms CreateObjectMapping: 0.123800 ms MarkObjects: 4.824500 ms  DeleteObjects: 0.776000 ms)

Prepare: number of updated asset objects reloaded= 0
========================================================================
Received Prepare
Begin MonoManager ReloadAssembly
- Loaded All Assemblies, in  0.542 seconds
Refreshing native plugins compatible for Editor in 0.99 ms, found 3 plugins.
Native extension for Android target not found
Native extension for UWP target not found
Native extension for WindowsStandalone target not found
Native extension for WebGL target not found
Mono: successfully reloaded assembly
- Finished resetting the current domain, in  0.583 seconds
Domain Reload Profiling: 1125ms
	BeginReloadAssembly (184ms)
		ExecutionOrderSort (0ms)
		DisableScriptedObjects (6ms)
		BackupInstance (0ms)
		ReleaseScriptingObjects (0ms)
		CreateAndSetChildDomain (49ms)
	RebuildCommonClasses (33ms)
	RebuildNativeTypeToScriptingClass (11ms)
	initialDomainReloadingComplete (22ms)
	LoadAllAssembliesAndSetupDomain (291ms)
		LoadAssemblies (267ms)
		RebuildTransferFunctionScriptingTraits (0ms)
		AnalyzeDomain (117ms)
			TypeCache.Refresh (7ms)
				TypeCache.ScanAssembly (0ms)
			BuildScriptInfoCaches (102ms)
			ResolveRequiredComponents (5ms)
	FinalizeReload (583ms)
		ReleaseScriptCaches (0ms)
		RebuildScriptCaches (0ms)
		SetupLoadedEditorAssemblies (477ms)
			LogAssemblyErrors (0ms)
			InitializePlatformSupportModulesInManaged (10ms)
			SetLoadedEditorAssemblies (4ms)
			BeforeProcessingInitializeOnLoad (78ms)
			ProcessInitializeOnLoadAttributes (361ms)
			ProcessInitializeOnLoadMethodAttributes (18ms)
			AfterProcessingInitializeOnLoad (5ms)
			EditorAssembliesLoaded (0ms)
		ExecutionOrderSort2 (0ms)
		AwakeInstancesAfterBackupRestoration (4ms)
Refreshing native plugins compatible for Editor in 1.28 ms, found 3 plugins.
Preloading 0 native plugins for Editor in 0.00 ms.
Unloading 0 Unused Serialized files (Serialized files now loaded: 0)
Unloading 3710 unused Assets / (0.8 MB). Loaded Objects now: 4203.
Memory consumption went from 87.0 MB to 86.3 MB.
Total: 6.876700 ms (FindLiveObjects: 0.562300 ms CreateObjectMapping: 0.197700 ms MarkObjects: 5.271400 ms  DeleteObjects: 0.844300 ms)

Prepare: number of updated asset objects reloaded= 0
========================================================================
Received Import Request.
  Time since last request: 208.303862 seconds.
  path: Assets/Script/스테이트 패턴/StateMachine.cs
  artifactKey: Guid(3a40e3aa94c9970459f275aacdb4229a) Importer(815301076,1909f56bfc062723c751e8b465ee728b)
Start importing Assets/Script/스테이트 패턴/StateMachine.cs using Guid(3a40e3aa94c9970459f275aacdb4229a) Importer(815301076,1909f56bfc062723c751e8b465ee728b) (PreviewImporter) -> (artifact id: 'd4d90cdbd51816b5cd23fa3a3a0c8808') in 0.0026312 seconds
Number of updated asset objects reloaded before import = 0Number of asset objects unloaded after import = 0

========================================================================
Received Prepare
Refreshing native plugins compatible for Editor in 1.28 ms, found 3 plugins.
Preloading 0 native plugins for Editor in 0.00 ms.
Unloading 0 Unused Serialized files (Serialized files now loaded: 0)
Unloading 3703 unused Assets / (131.0 KB). Loaded Objects now: 4203.
Memory consumption went from 87.2 MB to 87.1 MB.
Total: 14.254000 ms (FindLiveObjects: 0.545800 ms CreateObjectMapping: 0.213100 ms MarkObjects: 12.348400 ms  DeleteObjects: 1.145600 ms)

Prepare: number of updated asset objects reloaded= 0
========================================================================
Received Import Request.
  Time since last request: 130.763352 seconds.
  path: Assets/Script/스테이트 패턴/StateMachine.cs
  artifactKey: Guid(3a40e3aa94c9970459f275aacdb4229a) Importer(815301076,1909f56bfc062723c751e8b465ee728b)
Start importing Assets/Script/스테이트 패턴/StateMachine.cs using Guid(3a40e3aa94c9970459f275aacdb4229a) Importer(815301076,1909f56bfc062723c751e8b465ee728b) (PreviewImporter) -> (artifact id: '222b47a7bded777ec9e7e766ea93623c') in 0.0014082 seconds
Number of updated asset objects reloaded before import = 0Number of asset objects unloaded after import = 0

========================================================================
Received Prepare
Begin MonoManager ReloadAssembly
- Loaded All Assemblies, in  0.552 seconds
Refreshing native plugins compatible for Editor in 1.05 ms, found 3 plugins.
Native extension for Android target not found
Native extension for UWP target not found
Native extension for WindowsStandalone target not found
Native extension for WebGL target not found
Mono: successfully reloaded assembly
- Finished resetting the current domain, in  0.598 seconds
Domain Reload Profiling: 1148ms
	BeginReloadAssembly (176ms)
		ExecutionOrderSort (0ms)
		DisableScriptedObjects (6ms)
		BackupInstance (0ms)
		ReleaseScriptingObjects (0ms)
		CreateAndSetChildDomain (45ms)
	RebuildCommonClasses (35ms)
	RebuildNativeTypeToScriptingClass (12ms)
	initialDomainReloadingComplete (26ms)
	LoadAllAssembliesAndSetupDomain (301ms)
		LoadAssemblies (270ms)
		RebuildTransferFunctionScriptingTraits (0ms)
		AnalyzeDomain (121ms)
			TypeCache.Refresh (5ms)
				TypeCache.ScanAssembly (0ms)
			BuildScriptInfoCaches (108ms)
			ResolveRequiredComponents (4ms)
	FinalizeReload (598ms)
		ReleaseScriptCaches (0ms)
		RebuildScriptCaches (0ms)
		SetupLoadedEditorAssemblies (492ms)
			LogAssemblyErrors (0ms)
			InitializePlatformSupportModulesInManaged (12ms)
			SetLoadedEditorAssemblies (4ms)
			BeforeProcessingInitializeOnLoad (75ms)
			ProcessInitializeOnLoadAttributes (376ms)
			ProcessInitializeOnLoadMethodAttributes (20ms)
			AfterProcessingInitializeOnLoad (5ms)
			EditorAssembliesLoaded (0ms)
		ExecutionOrderSort2 (0ms)
		AwakeInstancesAfterBackupRestoration (5ms)
Refreshing native plugins compatible for Editor in 1.19 ms, found 3 plugins.
Preloading 0 native plugins for Editor in 0.00 ms.
Unloading 0 Unused Serialized files (Serialized files now loaded: 0)
Unloading 3710 unused Assets / (1.3 MB). Loaded Objects now: 4203.
Memory consumption went from 87.0 MB to 85.7 MB.
Total: 5.643600 ms (FindLiveObjects: 0.351600 ms CreateObjectMapping: 0.121800 ms MarkObjects: 4.037900 ms  DeleteObjects: 1.131600 ms)

Prepare: number of updated asset objects reloaded= 0
========================================================================
Received Prepare
Refreshing native plugins compatible for Editor in 1.25 ms, found 3 plugins.
Preloading 0 native plugins for Editor in 0.00 ms.
Unloading 0 Unused Serialized files (Serialized files now loaded: 0)
Unloading 3703 unused Assets / (0.7 MB). Loaded Objects now: 4203.
Memory consumption went from 87.2 MB to 86.5 MB.
Total: 6.032700 ms (FindLiveObjects: 0.544300 ms CreateObjectMapping: 0.112900 ms MarkObjects: 4.572800 ms  DeleteObjects: 0.801100 ms)

Prepare: number of updated asset objects reloaded= 0
========================================================================
Received Prepare
Begin MonoManager ReloadAssembly
- Loaded All Assemblies, in  0.508 seconds
Refreshing native plugins compatible for Editor in 1.00 ms, found 3 plugins.
Native extension for Android target not found
Native extension for UWP target not found
Native extension for WindowsStandalone target not found
Native extension for WebGL target not found
Mono: successfully reloaded assembly
- Finished resetting the current domain, in  0.605 seconds
Domain Reload Profiling: 1113ms
	BeginReloadAssembly (164ms)
		ExecutionOrderSort (0ms)
		DisableScriptedObjects (4ms)
		BackupInstance (0ms)
		ReleaseScriptingObjects (0ms)
		CreateAndSetChildDomain (40ms)
	RebuildCommonClasses (26ms)
	RebuildNativeTypeToScriptingClass (10ms)
	initialDomainReloadingComplete (25ms)
	LoadAllAssembliesAndSetupDomain (281ms)
		LoadAssemblies (251ms)
		RebuildTransferFunctionScriptingTraits (0ms)
		AnalyzeDomain (115ms)
			TypeCache.Refresh (6ms)
				TypeCache.ScanAssembly (0ms)
			BuildScriptInfoCaches (103ms)
			ResolveRequiredComponents (3ms)
	FinalizeReload (605ms)
		ReleaseScriptCaches (0ms)
		RebuildScriptCaches (0ms)
		SetupLoadedEditorAssemblies (498ms)
			LogAssemblyErrors (0ms)
			InitializePlatformSupportModulesInManaged (10ms)
			SetLoadedEditorAssemblies (4ms)
			BeforeProcessingInitializeOnLoad (74ms)
			ProcessInitializeOnLoadAttributes (384ms)
			ProcessInitializeOnLoadMethodAttributes (19ms)
			AfterProcessingInitializeOnLoad (5ms)
			EditorAssembliesLoaded (0ms)
		ExecutionOrderSort2 (0ms)
		AwakeInstancesAfterBackupRestoration (4ms)
Refreshing native plugins compatible for Editor in 1.22 ms, found 3 plugins.
Preloading 0 native plugins for Editor in 0.00 ms.
Unloading 0 Unused Serialized files (Serialized files now loaded: 0)
Unloading 3710 unused Assets / (0.8 MB). Loaded Objects now: 4203.
Memory consumption went from 87.0 MB to 86.2 MB.
Total: 4.589300 ms (FindLiveObjects: 0.347100 ms CreateObjectMapping: 0.106600 ms MarkObjects: 3.353000 ms  DeleteObjects: 0.781800 ms)

Prepare: number of updated asset objects reloaded= 0
========================================================================
Received Import Request.
  Time since last request: 74.658071 seconds.
  path: Assets/Prefab/Spawner.prefab
  artifactKey: Guid(4f7cc820fe4f9e24a88104409082849e) Importer(815301076,1909f56bfc062723c751e8b465ee728b)
Start importing Assets/Prefab/Spawner.prefab using Guid(4f7cc820fe4f9e24a88104409082849e) Importer(815301076,1909f56bfc062723c751e8b465ee728b) (PreviewImporter) -> (artifact id: '45718b3edc1c89341f287a677b72d90a') in 0.0305927 seconds
Number of updated asset objects reloaded before import = 0Number of asset objects unloaded after import = 26

========================================================================
Received Prepare
Refreshing native plugins compatible for Editor in 1.34 ms, found 3 plugins.
Preloading 0 native plugins for Editor in 0.00 ms.
Unloading 0 Unused Serialized files (Serialized files now loaded: 0)
Unloading 3703 unused Assets / (1.1 MB). Loaded Objects now: 4207.
Memory consumption went from 87.4 MB to 86.3 MB.
Total: 8.119700 ms (FindLiveObjects: 0.385600 ms CreateObjectMapping: 0.301300 ms MarkObjects: 5.974900 ms  DeleteObjects: 1.456400 ms)

Prepare: number of updated asset objects reloaded= 0
========================================================================
Received Prepare
Begin MonoManager ReloadAssembly
- Loaded All Assemblies, in  2.105 seconds
Refreshing native plugins compatible for Editor in 1.24 ms, found 3 plugins.
Native extension for Android target not found
Native extension for UWP target not found
Native extension for WindowsStandalone target not found
Native extension for WebGL target not found
Mono: successfully reloaded assembly
- Finished resetting the current domain, in  0.614 seconds
Domain Reload Profiling: 2717ms
	BeginReloadAssembly (177ms)
		ExecutionOrderSort (0ms)
		DisableScriptedObjects (6ms)
		BackupInstance (0ms)
		ReleaseScriptingObjects (0ms)
		CreateAndSetChildDomain (47ms)
	RebuildCommonClasses (36ms)
	RebuildNativeTypeToScriptingClass (13ms)
	initialDomainReloadingComplete (27ms)
	LoadAllAssembliesAndSetupDomain (1850ms)
		LoadAssemblies (1827ms)
		RebuildTransferFunctionScriptingTraits (0ms)
		AnalyzeDomain (114ms)
			TypeCache.Refresh (7ms)
				TypeCache.ScanAssembly (0ms)
			BuildScriptInfoCaches (100ms)
			ResolveRequiredComponents (4ms)
	FinalizeReload (614ms)
		ReleaseScriptCaches (0ms)
		RebuildScriptCaches (0ms)
		SetupLoadedEditorAssemblies (518ms)
			LogAssemblyErrors (0ms)
			InitializePlatformSupportModulesInManaged (11ms)
			SetLoadedEditorAssemblies (4ms)
			BeforeProcessingInitializeOnLoad (78ms)
			ProcessInitializeOnLoadAttributes (397ms)
			ProcessInitializeOnLoadMethodAttributes (21ms)
			AfterProcessingInitializeOnLoad (7ms)
			EditorAssembliesLoaded (0ms)
		ExecutionOrderSort2 (0ms)
		AwakeInstancesAfterBackupRestoration (5ms)
Refreshing native plugins compatible for Editor in 1.28 ms, found 3 plugins.
Preloading 0 native plugins for Editor in 0.00 ms.
Unloading 0 Unused Serialized files (Serialized files now loaded: 0)
Unloading 3710 unused Assets / (0.8 MB). Loaded Objects now: 4207.
Memory consumption went from 87.1 MB to 86.4 MB.
Total: 6.817200 ms (FindLiveObjects: 0.492100 ms CreateObjectMapping: 0.560800 ms MarkObjects: 4.656300 ms  DeleteObjects: 1.107000 ms)

Prepare: number of updated asset objects reloaded= 0
========================================================================
Received Prepare
Begin MonoManager ReloadAssembly
- Loaded All Assemblies, in  0.523 seconds
Refreshing native plugins compatible for Editor in 1.13 ms, found 3 plugins.
Native extension for Android target not found
Native extension for UWP target not found
Native extension for WindowsStandalone target not found
Native extension for WebGL target not found
Mono: successfully reloaded assembly
- Finished resetting the current domain, in  0.600 seconds
Domain Reload Profiling: 1123ms
	BeginReloadAssembly (173ms)
		ExecutionOrderSort (0ms)
		DisableScriptedObjects (4ms)
		BackupInstance (0ms)
		ReleaseScriptingObjects (0ms)
		CreateAndSetChildDomain (47ms)
	RebuildCommonClasses (28ms)
	RebuildNativeTypeToScriptingClass (11ms)
	initialDomainReloadingComplete (25ms)
	LoadAllAssembliesAndSetupDomain (286ms)
		LoadAssemblies (259ms)
		RebuildTransferFunctionScriptingTraits (0ms)
		AnalyzeDomain (112ms)
			TypeCache.Refresh (4ms)
				TypeCache.ScanAssembly (0ms)
			BuildScriptInfoCaches (103ms)
			ResolveRequiredComponents (3ms)
	FinalizeReload (600ms)
		ReleaseScriptCaches (0ms)
		RebuildScriptCaches (0ms)
		SetupLoadedEditorAssemblies (500ms)
			LogAssemblyErrors (0ms)
			InitializePlatformSupportModulesInManaged (12ms)
			SetLoadedEditorAssemblies (4ms)
			BeforeProcessingInitializeOnLoad (71ms)
			ProcessInitializeOnLoadAttributes (387ms)
			ProcessInitializeOnLoadMethodAttributes (19ms)
			AfterProcessingInitializeOnLoad (6ms)
			EditorAssembliesLoaded (0ms)
		ExecutionOrderSort2 (0ms)
		AwakeInstancesAfterBackupRestoration (5ms)
Refreshing native plugins compatible for Editor in 1.15 ms, found 3 plugins.
Preloading 0 native plugins for Editor in 0.00 ms.
Unloading 0 Unused Serialized files (Serialized files now loaded: 0)
Unloading 3710 unused Assets / (0.9 MB). Loaded Objects now: 4207.
Memory consumption went from 87.2 MB to 86.2 MB.
Total: 6.626700 ms (FindLiveObjects: 0.612900 ms CreateObjectMapping: 0.482900 ms MarkObjects: 4.562200 ms  DeleteObjects: 0.967700 ms)

Prepare: number of updated asset objects reloaded= 0
